transaction_id,customer_name,purchase_date,product_name,quantity,unit_price,total_price,payment_method,discount_code,delivery_address,delivery_city,delivery_postal_code
1,Nance Ramey,6/11/2022,Vegan Chocolate Cake Mix,14,581.01,7773.72,cash,HAPPYHOUR,12 Rigney Terrace,Monastir,
2,Albertina Degoey,6/13/2022,Gluten-Free Biscuits,73,119.58,9219.84,cash,SALE10,2034 Portage Circle,Bahía Honda,
3,Lilah Bythell,1/25/2022,Electric Milk Frother,19,419.2,9288.16,cash,BAKERY20,05 Ryan Drive,Pimian,
4,Bartram Sebrook,10/13/2022,Garlic Herb Marinade,42,909.03,3180.93,mobile payment,SALE10,37792 Namekagon Pass,São José do Egito,56700-000
5,Tobe Mazzeo,8/9/2022,Craft Beer Mustard,31,167.6,5699.16,cash,HAPPYHOUR,2848 Sugar Crossing,Pervomayskoye,659607
6,Phillipp Deary,1/9/2022,Chickpeas,59,729.82,2485.21,cash,BAKERY20,2 Redwing Road,Pinayagan Norte,6343
7,Dion Thomsson,8/28/2022,Bicycle Lock,87,745.48,2645.05,credit card,HAPPYHOUR,19 Becker Lane,Karamat,
8,Gannon Scroggie,11/17/2022,Mesh Sports Leggings,22,968.48,1229.69,mobile payment,BAKERY20,2 Waxwing Way,Massakory,
9,Lishe Coverdale,11/23/2022,Bluetooth Headphones,36,722.7,7296.47,credit card,HAPPYHOUR,6 Shelley Road,Tumu’ertai,
10,Ira Schinetti,2/7/2022,Oversized Denim Shirt,19,79.15,3678.22,mobile payment,SALE10,4 Sutteridge Lane,Revolucion,93610
11,Farra Carding,7/11/2022,Personal Blender with Travel Cup,68,125.22,1656.46,mobile payment,SALE10,90916 Blue Bill Park Avenue,Sarpang,
12,Clement Bisson,3/2/2022,Eco-Friendly Cleaning Cloths,90,718.94,3525.36,cash,HAPPYHOUR,12604 Mcguire Point,Columbeira,2540-593
13,Jandy Bowle,8/6/2022,Sriracha Honey Glaze,5,343.25,2241.33,cash,BAKERY20,218 Nova Park,Mīzan Teferī,
14,Worthy England,5/29/2022,Kale & Quinoa Salad Mix,40,403.48,6985.1,mobile payment,SALE10,37391 Anniversary Street,Hobor,
15,Jarrod Popelay,3/5/2022,Baked Falafel,94,325.02,9884.66,mobile payment,BAKERY20,4458 Glacier Hill Road,Polkowice,59-101
16,Cori Beardsell,6/10/2022,Grass Fed Beef Patties,12,547.46,7117.82,credit card,SALE10,58751 Maple Point,Kuragaki-kosugi,939-2759
17,Gabriello Van der Linde,3/4/2022,Travel Organizer,79,985.35,7288.17,mobile payment,BAKERY20,17 Lotheville Drive,Dordrecht,5436
18,Robinett Coils,8/12/2022,Bamboo Cutting Board,75,591.37,1725.31,mobile payment,SALE10,9449 Ridgeview Point,Chaguaní,253237
19,Garrard Vanyukhin,5/16/2022,Sliced Bread,65,643.74,626.59,cash,BAKERY20,0 Florence Crossing,Oslo,1101
20,Zaria Frostick,7/2/2022,Peanut Butter Pretzel Bites,82,121.98,4468.4,credit card,HAPPYHOUR,3891 Oxford Park,Iwata,925-0145
21,Towney Childes,5/2/2022,Noise-Canceling Earbuds,39,456.72,5560.69,credit card,SALE10,1 Comanche Drive,Enjitsu,
22,Trey Templar,8/25/2022,Electronic Drum Kit,84,855.87,28.99,credit card,HAPPYHOUR,2 Upham Avenue,Venda Nova,2970-841
23,Willy Rosario,12/25/2022,Casual Long Cardigan,31,226.85,383.32,cash,SALE10,24 Loftsgordon Place,Maglaj,
24,Gardiner Dechelle,4/7/2022,Ergonomic Gaming Chair,94,302.16,1430.73,credit card,HAPPYHOUR,8 Corscot Court,Fatufeto,
25,Julia Wishart,7/8/2022,Folding Backpack Chair,54,270.22,5516.73,credit card,HAPPYHOUR,1 West Drive,Kristiansund N,6506
26,Kimberlyn Gocke,1/30/2022,Wooden Blocks,6,266.39,8010.77,credit card,SALE10,75046 Algoma Terrace,Huanxi,
27,Rouvin Wallsworth,5/12/2022,Honeycrisp Apple Chips,85,815.38,6031.62,credit card,SALE10,8633 Jenifer Drive,Darkovice,747 17
28,Ivette Stetlye,11/1/2022,Chocolate Fudge Ice Cream,14,936.47,1576.18,mobile payment,HAPPYHOUR,454 Clyde Gallagher Street,Suizhong,
29,Ric Daniellot,2/7/2022,Brown Rice,66,488.65,1825.05,cash,BAKERY20,97 Luster Pass,Palmerston North,4820
30,Billy Brindle,9/22/2022,Classic Black Dress,39,383.28,2039.34,mobile payment,SALE10,444 Holmberg Park,Hitachi-Naka,312-0063
31,Roxi Neathway,3/18/2022,Ski Goggles,89,334.12,7108.27,cash,HAPPYHOUR,8752 Maryland Drive,San Antonio,78265
32,Siward Jeacop,11/23/2022,Creamy Ranch Dressing,13,489.72,5975.7,mobile payment,BAKERY20,1207 Transport Court,Áno Liósia,
33,Booth Gahagan,10/23/2022,Sweet Potato Mash,89,686.94,6476.46,credit card,SALE10,9635 Hermina Lane,Xingzi,
34,Melva Presley,10/28/2022,Magnetic Spice Containers,20,315.08,3258.06,cash,BAKERY20,98464 Summer Ridge Street,Guiwu,
35,Launce Coggen,6/26/2022,Corn Tortillas,58,655.62,4887.3,mobile payment,SALE10,409 4th Pass,Machachi,
36,Blondelle Tarbatt,11/7/2022,Fitness Jump Rope with LCD Counter,43,930.37,9147.08,mobile payment,BAKERY20,681 1st Trail,Adelaide,5760
37,Conchita Tussaine,4/13/2022,Sweet Potatoes,50,695.21,5931.17,mobile payment,HAPPYHOUR,8 Luster Pass,Liufu,
38,Otes Ratter,7/16/2022,Garden Hose Reel,58,807.31,6341.49,cash,BAKERY20,45534 Weeping Birch Avenue,Paiçandu,87140-000
39,Clayton Skaife d'Ingerthorpe,5/4/2022,Reclining Camping Chair,52,705.9,2266.25,credit card,BAKERY20,20420 Waubesa Trail,Ribas do Rio Pardo,79180-000
40,Bone Lamberth,1/23/2022,Tomato Basil Pasta Sauce,50,64.4,8964.5,credit card,BAKERY20,56 Manufacturers Avenue,Xinglongchang,
41,Laverna Sloegrave,4/12/2022,Wooden Toy Train Set,39,284.6,6744.65,mobile payment,SALE10,55 Russell Center,Sarāb,
42,Lizbeth Battie,10/2/2022,Zucchini,11,905.39,5482.62,credit card,BAKERY20,0239 Namekagon Terrace,Jeffersonville,47134
43,Cal Rhubottom,12/17/2022,Frozen Berry Blend,95,228.95,1041.89,credit card,SALE10,519 Butterfield Park,Felege Neway,
44,Idette Bowden,10/5/2022,Striped Long Sleeve Shirt,23,28.45,3009.42,credit card,HAPPYHOUR,05972 Spohn Center,Kiffa,
45,Caddric Corbett,9/3/2022,Cilantro Lime Rice,45,837.57,876.82,credit card,HAPPYHOUR,45644 Pawling Hill,Gondar,
46,Dukey Brettell,1/19/2022,Maple Breakfast Sausage,25,15.15,5700.3,credit card,SALE10,95 Waywood Crossing,Looc,5507
47,Rogerio Crann,11/7/2022,Crispy Onion Rings,45,120.78,8940.34,credit card,BAKERY20,72 Eagle Crest Parkway,Ar Riqāmā,
48,Cherye Danzelman,4/26/2022,Mobile Workbench,20,374.07,7310.74,cash,BAKERY20,1 Bellgrove Point,As Sālimīyah,
49,Mort Drieu,9/5/2022,Italian Herb Balsamic Marinade,26,376.54,7299.04,cash,HAPPYHOUR,970 Mockingbird Trail,Odeleite,8950-355
50,Dalila Dragge,11/7/2022,Striped Long Sleeve Shirt,39,419.13,5748.76,cash,BAKERY20,627 Cody Drive,Kovilj,
51,Cortie Elderkin,8/10/2022,Non-Stick Baking Sheets,78,452.39,7732.76,mobile payment,HAPPYHOUR,322 Melvin Hill,Santana do Livramento,97570-000
52,Jojo Borzoni,1/1/2022,Durable Hiking Boots,93,180.37,5433.23,credit card,BAKERY20,847 Maple Way,Serdobsk,442895
53,Tessy Powers,3/19/2022,Maple Cinnamon Almonds,13,654.11,313.66,mobile payment,SALE10,3 Milwaukee Park,Zelenchukskaya,369227
54,Marillin Despenser,6/19/2022,Ramen Noodles,91,368.87,8077.07,cash,HAPPYHOUR,0127 Parkside Alley,Lidu,
55,Nola Pincott,1/27/2022,Basil-infused Olive Oil,85,838.82,1359.23,mobile payment,SALE10,56030 Pierstorff Park,Amirdzhan,
56,Fernandina Cristoferi,11/7/2022,Garlic Naan Bread,6,733.14,7896.19,mobile payment,SALE10,3828 Carioca Pass,Tamarindo,
57,Donnie Hedingham,11/4/2022,Spaghetti and Meatball Dinner Kit,39,101.8,2883.47,cash,HAPPYHOUR,781 Swallow Drive,Nangen,
58,Kingsley Wrinch,4/14/2022,Classic Caesar Dressing,60,695.34,7474.76,cash,HAPPYHOUR,527 Anthes Place,Katsuta,927-2162
59,Davy Booler,1/13/2022,Buffalo Stilton Cheese,67,908.67,8086.51,cash,HAPPYHOUR,00190 Steensland Road,Kėdainiai,57005
60,Northrup Gillbanks,1/3/2022,Apple Pie Filling,8,285.15,6623.85,mobile payment,BAKERY20,6765 Tony Park,Gaxung,
61,Gare Gatherell,3/20/2022,Pet Tracking Collar,18,483.68,8914.85,credit card,BAKERY20,32 Sunnyside Hill,Xinxu,
62,Abbie Heiden,10/25/2022,Dark Chocolate Covered Raisins,24,871.93,8798.8,credit card,HAPPYHOUR,1010 Ramsey Avenue,Ávato,
63,Jeralee Morsley,11/1/2022,Organic Baby Spinach,77,210.04,2705.63,credit card,SALE10,7616 Center Circle,Shuangxi,
64,Toddy Strike,6/3/2022,Heavy-Duty Utility Tote,54,887.51,1904.3,mobile payment,HAPPYHOUR,04714 Superior Pass,Spuž,
65,Pascale Fawkes,3/25/2022,Cucumber Relish,27,208.95,5974.51,cash,SALE10,2223 Carioca Road,Clifden,H71
66,Tammi Heavyside,4/4/2022,Professional Chef Knife,57,544.53,3768.0,mobile payment,HAPPYHOUR,48310 Summer Ridge Park,Wuping,
67,Coraline Mardling,12/9/2022,Frozen Chicken Nuggets,34,985.43,745.11,mobile payment,SALE10,4 Nancy Lane,Wanglinkou,
68,Ettore Facer,1/4/2022,Pistachio Ice Cream,68,291.17,8567.49,mobile payment,BAKERY20,0164 New Castle Center,Conde,58322-000
69,Constance Aloshikin,10/14/2022,Self-Cleaning Cat Litter Box,89,190.16,577.03,cash,BAKERY20,05849 Packers Avenue,Charlottesville,22908
70,Stanislas Allum,3/2/2022,Sourdough Bread,35,296.07,2958.34,cash,SALE10,375 Atwood Terrace,Hatogaya-honchō,336-0036
71,Danny Houselee,10/7/2022,Electric Meat Grinder,83,165.87,6487.37,cash,HAPPYHOUR,3655 Wayridge Plaza,Nuuk,3900
72,Sandy Woollcott,4/17/2022,Fruit and Nut Medley,3,754.21,5223.61,cash,HAPPYHOUR,29016 Sauthoff Pass,Bunisari,
73,Francyne Giacobbo,8/15/2022,Collapsible Folding Chair,40,899.67,2944.84,mobile payment,SALE10,51 Menomonie Circle,São Mateus,9700-555
74,Ethelbert Reah,6/28/2022,Key Finder,68,639.18,6526.89,cash,BAKERY20,82 Rutledge Avenue,Kuta,
75,Cami Hafford,5/15/2022,Sushi Rice,95,804.16,7504.16,credit card,BAKERY20,0 Iowa Trail,Hongjiang,
76,Abby Parkey,2/6/2022,Cinnamon Roll Protein Bar,27,327.1,2002.53,credit card,HAPPYHOUR,004 Hoffman Place,Sobreda,2815-625
77,Eunice Hollows,10/22/2022,Gardening Kneeler and Seat,86,828.89,9216.59,cash,BAKERY20,3204 Logan Terrace,Bachuan,
78,Hieronymus De Lacey,10/25/2022,Classic Vanilla Fudge,25,308.23,9936.54,credit card,SALE10,183 Algoma Point,Shelopugino,673610
79,Nappie Guye,12/3/2022,Lightweight Workout Tank,89,834.32,7672.4,cash,SALE10,009 Claremont Hill,Anibare,
80,Corny Devall,1/20/2022,Beef Chili,25,593.88,342.91,credit card,HAPPYHOUR,0 Shasta Drive,Yiyang,
81,Amalia Barbary,11/6/2022,Cotton Pajama Set,3,466.23,9393.58,mobile payment,SALE10,42 Service Circle,Wuyo,
82,Druci Purry,1/3/2022,Coconut Curry Chicken,100,116.86,830.66,cash,BAKERY20,27201 Kinsman Alley,La Cruz,51001
83,Angelika McCoole,3/7/2022,Puff Pastry,48,557.77,8199.94,cash,HAPPYHOUR,0953 Pawling Way,Kamirenjaku,181-0012
84,Mark Chatfield,12/27/2022,Chipotle Sauce,76,778.56,2077.17,credit card,SALE10,25635 Shopko Crossing,Maninihon,5510
85,Lottie Yeskin,6/8/2022,Collapsible Storage Crates,26,78.09,5664.74,cash,BAKERY20,666 Melvin Way,Guder Lao,
86,Jeralee Starkings,6/21/2022,Brownie Bites,70,759.76,1406.26,cash,HAPPYHOUR,11833 Cascade Crossing,Serra de Água,9350-324
87,Wynn Chatelet,4/27/2022,Outdoor String Lights,55,227.03,4896.06,cash,SALE10,66 Corscot Street,Antiguo Cuscatlán,
88,Link Darridon,7/8/2022,Suede Ankle Booties,43,981.76,5047.58,mobile payment,HAPPYHOUR,55 Northport Center,Češinovo,2333
89,Bunnie Bucknall,8/25/2022,Electric Toothbrush,53,91.5,3598.8,credit card,BAKERY20,34 Luster Drive,Chicoana,4423
90,Christina Taylo,2/19/2022,Puzzle 3D Model Kit,42,225.97,2414.19,credit card,HAPPYHOUR,78 Fordem Drive,Santa Rita Aplaya,4201
91,Reinald Primak,5/27/2022,Tropical Fruit Bowl,7,520.91,3615.65,mobile payment,HAPPYHOUR,33 Rutledge Drive,Ad Dawḩah,
92,Eugenio Mossop,4/17/2022,Sesame Ginger Dressing,89,606.06,6127.87,cash,HAPPYHOUR,95 Northwestern Park,Xiangxi,
93,Karine Tapenden,1/18/2022,Warm Knit Beanie,45,695.13,7580.24,cash,BAKERY20,80695 Namekagon Junction,Burnham,7600
94,Romona Masden,7/19/2022,Premium Flashlight,71,645.16,2798.26,mobile payment,BAKERY20,377 Lighthouse Bay Street,San Pedro,4023
95,Karin Gormally,2/17/2022,Vegetable Korma,54,397.99,2539.01,mobile payment,BAKERY20,75 Northport Point,Linton,BD23
96,Camille Androsik,10/25/2022,Apple Juice,69,864.21,2149.37,credit card,SALE10,11539 Northview Plaza,Jawor,59-402
97,Giacobo Shimony,4/5/2022,Legging Pants,31,866.03,192.11,cash,HAPPYHOUR,243 Daystar Pass,Cúcuta,540019
98,Wynny Tokley,10/15/2022,Chocolate Fudge Brownie Mix,51,679.03,1410.16,credit card,BAKERY20,81820 Longview Center,Masohi,
99,Jozef Bromhead,9/30/2022,LED Strip Lights Kit,72,260.18,1300.41,credit card,HAPPYHOUR,4 Kings Street,Piedra Blanca,11506
100,Wittie Knapp,1/28/2022,Mango Chili Salsa,91,512.44,8385.17,credit card,BAKERY20,15294 Westport Circle,Tanggu,
101,Ronica Badrock,10/30/2022,Herb Seasoned Croutons,89,275.91,8956.81,credit card,HAPPYHOUR,9624 Center Road,Longjumeau,91821 CEDEX
102,Con Ellins,3/11/2022,Handmade Leather Wallet,61,480.77,8782.1,mobile payment,HAPPYHOUR,64556 Warner Alley,Chyšky,398 53
103,Arley Deverille,4/28/2022,Peach Yogurt,80,587.98,1836.79,credit card,SALE10,4 Orin Avenue,Taoyuan,
104,Gilles Kernermann,11/23/2022,Sweet Chili Thai Sauce,27,338.98,719.41,credit card,HAPPYHOUR,6 Packers Road,Hofors,813 27
105,Bentlee Seeler,3/21/2022,Classic Caesar Dressing,19,164.84,1206.55,credit card,BAKERY20,23117 Portage Alley,Quetigny,21806 CEDEX
106,Peyton Russe,10/17/2022,Stick Vacuums Cleaner,4,366.86,5850.01,mobile payment,BAKERY20,795 Porter Parkway,Hou’an,
107,Anatollo Friend,4/20/2022,Garlic Parmesan Roasted Potatoes,59,229.66,7928.34,mobile payment,BAKERY20,186 Scofield Plaza,Zemio,
108,Jemmy Braybrooks,1/11/2022,Portable Phone Mug Holder,84,927.71,5142.17,mobile payment,BAKERY20,80805 Schiller Park,Irving,75037
109,Dalton Sewell,9/17/2022,Creative Puzzle Game,39,275.06,9417.56,cash,BAKERY20,8027 Melby Road,Bergville,3354
110,Alix Girsch,7/29/2022,Turkey Bacon,26,832.59,4554.45,mobile payment,HAPPYHOUR,4 Banding Pass,Freiburg im Breisgau,79114
111,Putnem Flory,6/23/2022,First Aid Kit,22,497.17,2670.54,credit card,BAKERY20,1506 Moulton Avenue,Sapu Padidu,6001
112,Nora Charkham,4/4/2022,Wireless Charger Stand,9,363.15,3067.59,credit card,BAKERY20,6190 Mallard Hill,Maracanaú,61900-000
113,Dino Winckles,7/25/2022,Buttermilk Pancakes,41,617.86,191.5,credit card,SALE10,5 Riverside Court,Hobor,
114,Dex Marfield,2/11/2022,Sweet Chili Thai Sauce,70,873.85,508.37,credit card,HAPPYHOUR,66 Cody Park,Tatariv,
115,Nickola Denness,10/2/2022,Non-Stick Grill Pan,93,848.57,2638.09,credit card,BAKERY20,4924 Mcbride Street,Bukovec,739 84
116,Lissie Margiotta,11/11/2022,Chocolate Fudge Ice Cream,15,236.76,4156.5,credit card,BAKERY20,35 Messerschmidt Circle,Białogard,78-210
117,Rey Korbmaker,8/9/2022,Nordic Berry Smoothie,28,693.81,6676.49,credit card,HAPPYHOUR,397 Bunting Alley,Yitang,
118,Kip Ryley,3/9/2022,Nutty Granola Clusters,15,558.86,4489.39,cash,BAKERY20,664 Namekagon Center,Proptisht,
119,Dyna Joubert,10/23/2022,Solar Power Bank,46,58.11,4746.88,credit card,SALE10,98 Jenna Crossing,San Vicente,11401
120,Hayyim Rackam,1/21/2022,Inflatable Party Cooler,93,81.98,8951.81,cash,HAPPYHOUR,32 Pierstorff Pass,Itajaí,88300-000
121,Sharl Mulvagh,1/22/2022,Vegetable Broth,87,456.85,8253.39,credit card,SALE10,86 Sage Court,Ubud,
122,Hussein Plumer,4/25/2022,Pineapple Coconut Bars,20,845.86,9244.16,cash,HAPPYHOUR,62 6th Road,Iwanai,511-0514
123,Lynett Holtum,4/6/2022,Whole Roasted Chicken,58,835.3,8506.87,credit card,HAPPYHOUR,9 Del Sol Terrace,Burbank,91505
124,Julee Bumpas,6/2/2022,Fruit Infuser Water Bottle,60,840.63,3555.38,mobile payment,HAPPYHOUR,0130 Main Circle,Itapetininga,18200-000
125,Gretta McGuinness,8/22/2022,Almond Butter Cups,7,161.48,3805.05,credit card,BAKERY20,9524 Washington Plaza,Sernancelhe,3640-213
126,Iver Gorelli,2/3/2022,Kale Caesar Salad Kit,1,548.86,7011.53,mobile payment,SALE10,54 Kim Alley,Huangshi,
127,Kristel Hearons,5/26/2022,Cacao Nibs,80,936.9,706.74,mobile payment,HAPPYHOUR,96413 Village Green Avenue,Puerto Varas,
128,Fabiano Rizzelli,5/18/2022,Sports Bottle,94,370.44,6086.72,cash,BAKERY20,2725 Huxley Hill,Jinjiang,
129,Violette Collinwood,1/25/2022,Vegetable Lasagna,36,701.88,525.5,cash,BAKERY20,445 Swallow Point,Yixingfu,
130,Wandis Gosford,8/1/2022,Fresh Lemons,58,478.51,9896.89,credit card,BAKERY20,6 Messerschmidt Crossing,Sharkawshchyna,
131,Brod Farfalameev,2/10/2022,Kids' Science Experiment Kit,70,612.58,2945.75,cash,HAPPYHOUR,6 Melvin Road,Cidikit Girang,
132,Theresita Bygrove,12/7/2022,Electric Hot Pot,38,552.6,3388.2,cash,SALE10,174 Fallview Hill,Ariguaní,152247
133,Melly Alaway,3/9/2022,Window Bird Feeder,22,44.06,7872.32,credit card,SALE10,1 Cherokee Lane,Kambove,
134,Damara Le Strange,11/15/2022,Wireless Car Charger,48,357.97,7280.26,credit card,HAPPYHOUR,9 Summit Drive,Kamal,
135,Lambert Le Barr,12/16/2022,Pet Food Storage Container,47,751.31,5305.01,mobile payment,SALE10,4992 Colorado Center,Pajung,
136,Jack Halvorsen,3/19/2022,Travel Size Toiletry Bottles,18,259.99,7134.44,mobile payment,HAPPYHOUR,13 Orin Alley,Pushchino,142263
137,Farly Tite,11/25/2022,Wireless Range Extender,97,499.99,5461.03,cash,HAPPYHOUR,2 Warner Road,Viejo Daan Banua,6119
138,Zacharie Comrie,12/10/2022,Foldable Yoga Mat Carry Bag,23,706.78,4640.27,mobile payment,BAKERY20,62 Fallview Drive,Nova Petrópolis,95150-000
139,Bendick Tabour,12/16/2022,Chocolate Mint Thins,23,373.92,4682.84,credit card,SALE10,1 Artisan Center,Leonídio,
140,Fairleigh Pymer,2/9/2022,Lightweight Workout Tank,28,943.13,4408.82,mobile payment,SALE10,0746 Clove Court,Tamaulipas,89060
141,Marius Branchflower,1/18/2022,DIY Lip Balm Making Kit,4,590.82,3285.39,mobile payment,HAPPYHOUR,37144 Raven Road,Santiago de Chuco,
142,Christa Dobinson,11/23/2022,Peach Fruit Cups,4,483.86,5294.61,mobile payment,HAPPYHOUR,9 Merchant Road,Shiban,
143,Stacey Jarrad,6/22/2022,Outdoor Adventure Kit,76,253.91,4808.48,credit card,SALE10,72 Corry Junction,Campoverde,
144,Skipton Jeannin,10/9/2022,LED Flashlight,78,569.1,4873.75,credit card,HAPPYHOUR,85 Tony Parkway,Aghajari,
145,Cornall Bruinemann,11/3/2022,Cauliflower Crust Pizza,32,789.16,777.07,credit card,HAPPYHOUR,89 Goodland Place,Pantukan,8117
146,Brad Garmans,10/5/2022,Cereal Dispenser with Portion Control,38,27.66,7173.09,mobile payment,SALE10,387 Oakridge Way,Cái Dầu,
147,Petr Spire,6/4/2022,Lemon Garlic Marinade,6,556.25,7323.44,mobile payment,SALE10,984 Muir Pass,São Mateus,9700-555
148,Cross Vollam,2/24/2022,Portable Pet Bathing Tool,23,753.16,5256.65,cash,SALE10,02 Homewood Parkway,Lunsar,
149,Raye Dolder,4/18/2022,Creamy Garlic Dressing,68,964.53,140.62,mobile payment,HAPPYHOUR,0 Fieldstone Lane,Gubskaya,352552
150,Levon Vignal,9/23/2022,Cinnamon Rolls,54,731.02,6879.08,cash,BAKERY20,4 Becker Parkway,General Alvear,3361
151,Sheba Grebert,12/15/2022,Portable Solar Charger,23,813.41,5825.8,credit card,SALE10,096 Surrey Drive,Takehara,992-0478
152,Winfred Gelly,8/26/2022,Kids' Learning Tablet,94,380.12,4986.05,mobile payment,HAPPYHOUR,99 Express Way,Nam Phong,40140
153,Lynnelle Grigoriscu,9/6/2022,Smart Wi-Fi Light Bulbs,97,458.5,1534.75,cash,SALE10,88814 Petterle Pass,Engenheiro Beltrão,87270-000
154,Leilah Hamlington,3/9/2022,Vegan Chickpea Salad,34,404.27,5934.15,mobile payment,BAKERY20,7228 Pankratz Avenue,Tsarychanka,
155,Robenia Bende,8/8/2022,Nail Polish Set,82,442.22,7103.67,credit card,BAKERY20,38079 Golden Leaf Lane,Jeremi,
156,Karleen Soltan,5/2/2022,Teriyaki Salmon Fillets,18,15.31,3891.78,cash,HAPPYHOUR,3467 Northridge Center,Huddinge,141 53
157,Amelia Kingsnorth,2/8/2022,Apple Pie Filling,60,156.27,737.44,cash,SALE10,0497 Lukken Park,Da’anshan,
158,Harriott Trays,7/11/2022,Balsamic Glazed Brussels Sprouts,57,124.95,3156.85,credit card,BAKERY20,7 Florence Trail,Sollefteå,881 86
159,Lyda Longfield,2/18/2022,Cinnamon Raisin Bread,45,512.2,974.5,credit card,HAPPYHOUR,15448 Cody Way,Patrída,
160,Thane O'Henery,7/6/2022,Chili Con Carne Mix,94,253.48,9937.7,credit card,BAKERY20,3631 Spenser Drive,Bagé,96400-000
161,Aldo Dimmer,6/20/2022,Greek Feta Cheese,27,708.35,508.2,credit card,HAPPYHOUR,0533 Pleasure Alley,Negotin,
162,Eloisa Oliveto,4/2/2022,Craft Beer Mustard,58,118.56,7979.9,credit card,SALE10,1 Trailsway Crossing,Hua Hin,77110
163,Martino Attenbrough,9/20/2022,Wireless Gaming Mouse,49,586.48,8443.63,credit card,HAPPYHOUR,4 Del Mar Point,Muraloka,
164,Matilde Eunson,11/23/2022,Vegetarian Sausage Links,37,834.75,2579.19,cash,HAPPYHOUR,10 Kings Circle,Daireaux,6555
165,Lawton Rawles,1/27/2022,Spicy Thai Coconut Soup,32,44.43,3639.09,credit card,SALE10,8301 Northport Center,Kedungwringin,
166,Annetta Reedie,1/21/2022,Portable Dog Water Bottle,75,842.51,2387.12,cash,SALE10,058 Corscot Crossing,Fengshuling,
167,Ardath Brunicke,8/8/2022,Smart Thermostat,54,507.57,8519.33,credit card,BAKERY20,4 International Way,Ganchazi,
168,Tore Lloyds,1/6/2022,Baby Safety Corner Guards,53,864.27,3238.59,credit card,HAPPYHOUR,2 Tomscot Junction,Al Mashāf,
169,Donnamarie Jemmett,4/16/2022,Portable Ice Maker,27,382.35,248.75,mobile payment,BAKERY20,97478 Annamark Park,København,1707
170,Alonzo Caudell,8/25/2022,Lemon Herb Chicken,62,591.24,9639.76,mobile payment,SALE10,89370 Loeprich Road,Even Yehuda,
171,Fernandina McCrudden,2/6/2022,Buffalo Wing Sauce,85,951.73,5329.6,credit card,SALE10,4 Village Plaza,Xinglong,
172,August Nigh,9/21/2022,Shower Curtain Hooks,85,61.19,8316.22,mobile payment,HAPPYHOUR,5 Sugar Lane,Palangue,4110
173,Holly Steenson,12/2/2022,Lemon Zest Olive Oil,32,218.24,2873.56,credit card,SALE10,0 Fuller Pass,Dafeng,
174,Dael Heynel,10/1/2022,Crew Neck Sweater,89,127.79,2228.62,cash,SALE10,8644 Algoma Circle,Oldřišov,747 33
175,Kelsey Kennedy,11/28/2022,Caramel Apple Taffy,95,949.54,1371.07,cash,HAPPYHOUR,7214 Hansons Junction,Araguari,38440-000
176,Dewie Hebbard,4/28/2022,Glass Tea Pot,82,166.76,3594.77,credit card,HAPPYHOUR,5686 Basil Drive,As Salţ,
177,Mari Selbach,7/7/2022,Frozen Mixed Berries,4,841.17,8582.76,credit card,SALE10,34 Straubel Alley,Baojia,
178,Mellisa Sandars,11/23/2022,Sports Bottle,3,334.74,4937.87,cash,HAPPYHOUR,67 Prairieview Hill,Ash Shajarah,
179,Kass Pybus,11/20/2022,Personalized Pet ID Tags,79,217.99,9492.88,cash,HAPPYHOUR,11270 Lindbergh Pass,Viga,4805
180,Iris Leyborne,6/6/2022,Dill Pickle Chips,55,426.38,4148.66,mobile payment,SALE10,731 Holy Cross Center,Malaba,
181,Trueman Allwell,6/11/2022,Zucchini,30,64.55,1894.99,cash,BAKERY20,605 Westend Way,Phoenix,85067
182,Maureen Broad,4/13/2022,Chili Lime Shrimp,30,131.49,5407.38,cash,SALE10,2 Sloan Junction,Jinshiqiao,
183,Dionisio Kinastan,1/29/2022,Pet Travel Carrier,16,213.35,1500.36,mobile payment,SALE10,491 Lawn Pass,Mat-i,9024
184,Jerrilee Proven,10/19/2022,Roasted Vegetable Medley,93,461.63,7777.15,mobile payment,HAPPYHOUR,8 Melvin Crossing,Veyno,
185,Tamar Paradyce,4/28/2022,Wire Shelving Unit,28,453.52,658.95,credit card,HAPPYHOUR,4992 Graedel Lane,Manhush,
186,Sutton Shellum,3/9/2022,Maple Almond Butter,61,774.96,6180.17,credit card,BAKERY20,0661 Gulseth Center,Tindog,6012
187,Jinny O'Mannion,8/7/2022,Biodegradable Phone Case,15,962.77,4797.5,cash,HAPPYHOUR,59 Arrowood Plaza,Bene 'Ayish,
188,Gillan Dursley,11/17/2022,Water Bottle with Built-in Fruit Infuser,66,379.42,9926.12,mobile payment,SALE10,8 Oak Parkway,Sendangagung,
189,Barret O'Hollegan,9/13/2022,Cranberry Lime Sparkling Water,52,724.77,4610.94,credit card,HAPPYHOUR,01411 Mitchell Way,Lamego,5100-005
190,Cord Byles,8/22/2022,Fleece Hoodie,72,156.4,7325.31,cash,BAKERY20,006 Hagan Road,Suisan,
191,Gardener Quail,1/24/2022,Organic Ramen Noodles,36,405.27,8894.2,mobile payment,SALE10,86 Moulton Hill,Pedraza,476048
192,Adelind Pass,12/11/2022,Portable Grill Cover,4,879.58,5519.92,cash,SALE10,07660 Dayton Way,Żarki,42-310
193,Malynda Sibly,9/16/2022,Air Mattress,62,542.16,4453.23,credit card,BAKERY20,16045 Westerfield Terrace,Madalena do Mar,9360-413
194,Margery Braban,11/26/2022,Chocolate Chip Muffins,86,738.16,4022.2,mobile payment,SALE10,5627 5th Crossing,Cocieri,MD-4571
195,Sharline Lazer,2/16/2022,Pet Hair Remover,62,654.73,9210.89,mobile payment,BAKERY20,341 Sachs Drive,Munka-Ljungby,266 91
196,Hermione Joanic,1/18/2022,Over-Ear Headphones,4,280.05,8161.25,cash,HAPPYHOUR,21 Brown Avenue,Saginaw,48604
197,Rachel Winslade,3/4/2022,Whole Grain Mustard,35,928.14,1680.66,credit card,BAKERY20,58085 Sunbrook Terrace,Varoška Rijeka,
198,Adamo Thorrold,8/20/2022,Couscous,3,541.65,4178.86,cash,SALE10,01344 Sage Junction,Puhja,
199,Chancey Aughton,9/6/2022,Pet Grooming Scissors,73,482.61,7541.12,mobile payment,HAPPYHOUR,66 Duke Lane,Anadia,3780-204
200,Chicky Coldbreath,10/10/2022,Portable Bluetooth Keyboard,45,952.94,7281.14,cash,HAPPYHOUR,17 Forest Run Point,Takanini,2245
201,Broddie Fassbender,8/23/2022,Acoustic Guitar,84,604.19,9156.8,cash,HAPPYHOUR,7193 Lighthouse Bay Crossing,Ilha Solteira,15385-000
202,Modestia Sheere,6/28/2022,Cinnamon Apple Sauce,29,414.38,9991.55,credit card,SALE10,1765 Packers Junction,Purral,10807
203,Dory Marchi,5/15/2022,Apple Pie Filling,14,282.79,3830.62,cash,HAPPYHOUR,18508 Buell Alley,Dabbūrīya,
204,Zabrina Kinsman,3/11/2022,Roasted Red Pepper Hummus,13,172.52,2969.06,mobile payment,SALE10,21 Badeau Lane,Orlová,717 00
205,Donaugh Woodard,10/9/2022,Watercolor Set,64,770.26,4053.99,credit card,BAKERY20,110 Schmedeman Court,Kaesŏng,
206,Danni McPhelimey,7/31/2022,Ceramic Non-Stick Frying Pan,72,729.21,6551.18,credit card,SALE10,12 Loeprich Center,Votkinsk,427439
207,Coop Eskell,12/17/2022,Artisan Flatbreads,89,658.37,6558.47,credit card,BAKERY20,1 Sachs Park,Ozerne,
208,Marcelle Fullerton,5/17/2022,Banana Chips,53,994.08,3558.39,cash,HAPPYHOUR,70 Sloan Park,Avranches,50309 CEDEX
209,Coriss MacGillivrie,3/22/2022,Smoked Paprika Chicken Thighs,40,288.42,6310.74,cash,SALE10,5978 Arkansas Alley,San Patricio,
210,Hedy Hovert,5/26/2022,Organic Whole Grain Oats,5,959.61,2182.34,mobile payment,BAKERY20,4497 Westridge Crossing,Covão da Carvalha,2485-203
211,Sayre Fumagallo,3/26/2022,Mango Chili Salsa,21,746.75,5290.54,cash,HAPPYHOUR,4449 Dryden Road,Dubki,368117
212,Vinnie Eisikowitch,3/1/2022,Sweet Chili Thai Sauce,78,532.93,1998.03,mobile payment,BAKERY20,1445 Steensland Park,Limoges,87077 CEDEX 9
213,Claire Battrum,11/27/2022,Vegetable Broth,32,371.45,1311.57,credit card,HAPPYHOUR,984 Center Lane,Gar,
214,Tess Hummerston,3/3/2022,Compact Pop-Up Tent,18,780.26,9201.23,credit card,HAPPYHOUR,68158 Prairieview Terrace,Villeneuve-la-Garenne,92398 CEDEX
215,Neile Turneaux,12/27/2022,Pumpkin Seeds,23,510.3,5598.46,cash,HAPPYHOUR,79 Forest Plaza,Ḏânan,
216,Cullie Axelbee,11/30/2022,Smartphone Projector Kit,30,21.96,6029.15,mobile payment,BAKERY20,97 Northview Street,Mangai,
217,Mora Libby,2/14/2022,Asian Stir-Fry Kit,58,556.53,8198.9,cash,HAPPYHOUR,4199 Gina Street,Fangshan,
218,Victoir Pyzer,10/19/2022,Folding Table,94,127.56,8554.45,mobile payment,SALE10,8996 Di Loreto Junction,Ban Khok,53180
219,Marcia Curle,6/6/2022,Camping Tent,84,911.88,2731.73,mobile payment,BAKERY20,25830 Erie Alley,Tadianjie,
220,Wendall Penvarne,7/8/2022,Scent Diffuser Oil,36,786.23,5426.97,cash,BAKERY20,032 Erie Lane,Mbandaka,
221,Urbanus Nockolds,9/24/2022,Red Lentil Pasta,4,628.47,2832.79,credit card,HAPPYHOUR,2887 Fulton Road,Tarnogskiy Gorodok,161560
222,Babbie Wasylkiewicz,11/30/2022,Spicy Italian Sausage,62,915.26,9484.64,mobile payment,HAPPYHOUR,590 Brickson Park Hill,Mukhen,355011
223,Mercedes Kynoch,9/25/2022,Mini Cordless Vacuum Cleaner,34,579.69,7204.56,cash,SALE10,76643 Forest Dale Drive,Bieligutai,
224,Cullen Blodget,6/20/2022,Wild Rice & Quinoa Mix,57,173.86,3030.38,mobile payment,HAPPYHOUR,95245 Waywood Crossing,Vabalninkas,41033
225,Welbie Graeber,5/5/2022,Almond Butter,19,6.0,8777.24,credit card,BAKERY20,9993 Elgar Hill,Wa,
226,Elissa McArd,4/12/2022,Vegan Mayonnaise,87,430.72,6934.07,credit card,HAPPYHOUR,26 Haas Street,Akriní,
227,Rickert Genge,1/14/2022,High-Top Leather Boots,8,118.74,3245.09,mobile payment,BAKERY20,88 Continental Point,Buenavista,55635
228,Celestine Conrath,8/15/2022,Ranch Dressing,24,288.65,3007.04,credit card,HAPPYHOUR,2984 Mcguire Trail,Shezhu,
229,Sal Anelay,5/2/2022,Electric Wine Opener,92,476.38,4057.72,cash,HAPPYHOUR,933 Hermina Park,Haljala,
230,Babita Fogden,7/20/2022,Chicken Fajita Kit,67,374.01,8420.33,credit card,HAPPYHOUR,356 Badeau Hill,Vazante,38780-000
231,Dolf Brechin,6/2/2022,Electric Griddle,59,638.96,6109.35,mobile payment,HAPPYHOUR,7694 Old Shore Pass,Kašina,10362
232,Rosita Caulliere,1/14/2022,Field Journal,54,701.03,167.56,cash,BAKERY20,1526 8th Crossing,Tocumen,
233,Patricio Stocky,7/1/2022,Plaid Flannel Shirt,12,208.6,9355.48,credit card,BAKERY20,14972 Fallview Alley,Nalus,9514
234,Craig Golde,11/24/2022,Camping Tarp,30,988.28,9383.75,mobile payment,HAPPYHOUR,4916 Armistice Place,Nyūzen,939-0751
235,Sampson Archbold,1/6/2022,Travel Yoga Mat,2,946.75,599.89,cash,SALE10,85329 Karstens Road,Salcedo,6807
236,Cristen Bamlet,8/10/2022,Portable Folding Picnic Table,43,90.89,3781.86,cash,BAKERY20,79633 Raven Junction,Jelisavac,31225
237,Warren Kleen,4/15/2022,Watercolor Paint Set,74,602.3,4326.28,cash,SALE10,3918 Jay Parkway,Jiangzhang,
238,Reeta Pinckstone,2/11/2022,Smoked Gouda Cheese,91,98.82,3188.51,mobile payment,HAPPYHOUR,1829 Truax Pass,Selínia,
239,Romola Brantzen,6/12/2022,Mediterranean Olives,20,109.87,409.32,mobile payment,BAKERY20,83 Morning Plaza,Péfki,
240,Katha Stabbins,7/15/2022,Brazil Nuts,83,303.31,7501.96,cash,HAPPYHOUR,451 Center Hill,Nantes,44101 CEDEX 4
241,Bethanne Ewings,11/9/2022,Teriyaki Stir-Fry Sauce,1,547.62,5439.01,mobile payment,HAPPYHOUR,787 Mockingbird Avenue,Kimch’aek-si,
242,Kip Lyenyng,6/17/2022,Smartphone Holder for Car,76,434.74,3496.18,credit card,BAKERY20,890 Kedzie Trail,La Poma,4415
243,Menard Kuzma,10/23/2022,Portable Massage Table,24,887.83,2231.39,mobile payment,BAKERY20,15605 Mariners Cove Road,Saint-Flour,15104 CEDEX
244,Chev Bramham,8/11/2022,Sunglasses,4,308.63,9639.81,credit card,HAPPYHOUR,63572 Del Sol Drive,Jingchuan Chengguanzhen,
245,Lilith Prawle,8/28/2022,Sea Salt Caramel Brownie,14,153.16,1861.13,credit card,BAKERY20,440 Lindbergh Avenue,Goričan,40324
246,Mickie Burberow,1/16/2022,Vegetable Lasagna,22,567.78,9631.6,credit card,BAKERY20,2 Memorial Pass,Zhongzi,
247,Baryram Ortner,10/24/2022,Mini Meatballs,93,527.03,9950.2,mobile payment,BAKERY20,0 Gale Lane,Gaofeng,
248,Jason Itzkovwich,1/2/2022,Fruit and Nut Energy Bites,63,830.54,4774.71,credit card,SALE10,90140 Novick Way,Youghal,P36
249,Constantina Roloff,12/29/2022,Peach Salsa,28,567.75,481.87,cash,HAPPYHOUR,7 Arapahoe Avenue,Bačka Palanka,
250,Pepi Stacy,5/26/2022,Frozen Chicken Nuggets,2,258.45,9582.16,mobile payment,BAKERY20,614 Chinook Avenue,Uarini,69485-000
251,Turner Dearman,10/24/2022,Apple Cinnamon Instant Oatmeal,85,101.73,7478.42,mobile payment,HAPPYHOUR,7114 Forest Run Circle,Jinjiang,
252,Kyrstin Norquay,5/30/2022,Dog Training Collar,26,438.55,657.47,credit card,BAKERY20,982 Northport Way,Eqbālīyeh,
253,Ida Handasyde,8/14/2022,Dark Chocolate Covered Raisins,73,861.15,5806.52,credit card,SALE10,6675 Texas Pass,Charopó,
254,Mireille Hunnicutt,4/17/2022,Recipe Book Stand,20,7.67,4283.93,mobile payment,HAPPYHOUR,938 Riverside Circle,Duifang,
255,Melicent Rishbrook,6/25/2022,Crispy Potato Tots,51,146.67,4196.03,cash,HAPPYHOUR,900 Warner Circle,Seremban,70504
256,Don Rispin,4/18/2022,Chipotle Lime Salsa,68,332.13,5068.03,mobile payment,SALE10,6 Duke Circle,Shiyu,
257,Sylvester Summersett,5/4/2022,USB Desk Fan,79,973.27,4199.73,credit card,SALE10,975 Hansons Center,El Pino,
258,Egon Gimbart,7/20/2022,Pet Grooming Scissors,62,627.45,3244.52,credit card,BAKERY20,093 Springview Pass,‘Afīf,
259,Aleda McMillan,5/2/2022,Sliced Cucumbers,83,883.1,1036.2,mobile payment,HAPPYHOUR,1264 Emmet Circle,Buenavista,29027
260,Mellisa Arpur,5/18/2022,Collapsible Folding Chair,20,976.09,2749.9,credit card,HAPPYHOUR,4885 Blaine Court,Opatov,675 28
261,Stevie Batha,5/3/2022,Foldable Yoga Mat Carry Bag,36,753.17,9005.99,mobile payment,SALE10,6083 Ludington Parkway,Baoshui,
262,Lorenzo Dasent,8/2/2022,Roasted Garlic Butter,51,830.23,5082.2,cash,SALE10,2653 Killdeer Avenue,Longcun,
263,Finn Yare,8/1/2022,Laptop Backpack,54,763.9,348.52,cash,SALE10,2 Ruskin Park,Berestechko,
264,Pip McCraine,4/29/2022,Stainless Steel Travel Mug,47,707.61,7891.87,credit card,SALE10,75236 Rigney Circle,Riosucio,178057
265,Jaquenette Nyssen,2/25/2022,Dog Frisbee Toy,7,99.23,5384.28,cash,BAKERY20,89 Hagan Park,Kedrovoye,624088
266,Caryl Ambrosio,5/4/2022,Travel Size Toiletry Bottles,23,594.09,3766.2,credit card,HAPPYHOUR,288 Delaware Alley,Zaria,
267,Margie Gainfort,2/24/2022,Baking Soda,74,854.67,6233.86,mobile payment,BAKERY20,87 Cascade Pass,Jinotepe,
268,Leilah Driffill,11/15/2022,Habanero Hot Sauce,59,255.29,379.28,credit card,BAKERY20,19 Lawn Avenue,Irapa,
269,Hugibert Corney,2/6/2022,Noise-Canceling Earbuds,68,728.37,99.43,credit card,HAPPYHOUR,94657 Mallory Trail,Bílovec,743 01
270,Skippie Bullivent,12/13/2022,Phone Screen Protector,31,509.3,1685.27,cash,BAKERY20,6337 Oriole Alley,Viso,4950-070
271,Viola Batrop,8/1/2022,Handmade Soap Making Kit,4,326.05,554.01,cash,SALE10,589 Independence Park,Daliang,
272,Marco Hawksworth,11/1/2022,Whole Grain Mustard,71,22.83,4813.48,mobile payment,HAPPYHOUR,2 Sycamore Plaza,Kotli Lohārān,51841
273,Gene Regardsoe,1/4/2022,Almond Butter Crunch Bar,36,748.23,8154.09,credit card,HAPPYHOUR,6 Novick Plaza,Biała,95-001
274,Stefania Donett,10/2/2022,Beef Jerky,77,108.49,6522.79,credit card,HAPPYHOUR,1 Clove Center,Praszka,46-320
275,Emelita Mews,4/30/2022,Pomegranate Juice,59,87.84,8868.53,credit card,HAPPYHOUR,5 Blaine Court,Lesuhe,
276,Roselle Salzburger,6/25/2022,Wireless HDMI Receiver,41,39.13,3684.34,mobile payment,BAKERY20,1 Morning Plaza,Pankshin,
277,Gusta Marchi,8/25/2022,Vanilla Ice Cream,98,815.03,8379.86,mobile payment,SALE10,5 North Center,El Viejo,
278,Husein Kenion,2/23/2022,Workstation Laptop Stand,86,705.84,9073.73,cash,SALE10,96 School Trail,Fundación,472028
279,Thaxter Sheavills,8/9/2022,Classic Baseball Cap,2,521.59,8420.46,credit card,HAPPYHOUR,10299 Shelley Circle,Xinglong,
280,Melvin Reynault,12/8/2022,Hot Dog Buns,55,371.32,5131.47,mobile payment,BAKERY20,76716 Eastlawn Park,Uurainen,41231
281,Blane McCaskill,10/11/2022,Toilet Paper (12 rolls),93,595.41,9236.98,credit card,BAKERY20,3684 Mallory Alley,Bergen,5849
282,Kally Ingleton,2/23/2022,Spicy Beef Taco Mix,77,928.86,7973.72,credit card,HAPPYHOUR,768 Vermont Court,Tadmur,
283,Gayleen Duester,9/1/2022,Heavy Duty Gardening Tool Set,83,241.36,3430.73,mobile payment,HAPPYHOUR,5 Jenifer Junction,Da’an,
284,Robinet Lesser,3/18/2022,Sweet Corn,64,811.45,180.13,cash,BAKERY20,7409 Killdeer Lane,Pulaupanggung,
285,Eddi Canario,3/10/2022,Wireless Gaming Headset,40,643.53,6830.74,cash,BAKERY20,679 Starling Plaza,Kawengan,
286,Jesse Domonkos,7/13/2022,Artisan Pickles,64,864.82,6044.18,mobile payment,SALE10,6 Karstens Terrace,Nanyang,
287,Hewett Kitchingman,2/7/2022,Truffle Parmesan Fries,28,785.35,3386.93,credit card,BAKERY20,151 Kipling Pass,Kanthararom,33130
288,Roana Penniall,12/14/2022,Pumpkin Spice Latte Mix,47,848.89,9165.85,credit card,BAKERY20,9578 Onsgard Junction,Nizami,
289,Aurelie Lavrick,4/5/2022,Outdoor Adventure Kit,54,389.27,2210.41,mobile payment,HAPPYHOUR,39521 Brentwood Park,Lykóvrysi,
290,Tonnie Canet,12/5/2022,Puff Pastry,88,838.93,2688.41,cash,BAKERY20,147 Dovetail Street,Paris 15,75729 CEDEX 15
291,Cornell Conigsby,9/29/2022,Nutty Granola Clusters,86,172.33,9398.85,cash,HAPPYHOUR,62 Mifflin Plaza,Ganzi,
292,Tove Rase,9/11/2022,Basil Pesto Pasta,49,502.53,475.02,mobile payment,HAPPYHOUR,54665 Mallory Alley,Pag-asa,8113
293,Nicolina Mattock,10/14/2022,Vegetable Fried Rice,75,854.84,9182.13,mobile payment,SALE10,7986 Merrick Place,Garoua Boulaï,
294,Clementina Broadley,5/18/2022,Chunky Knit Sweater,96,212.14,8938.98,cash,SALE10,3 Killdeer Way,Nässjö,571 92
295,Osbourne Snead,4/19/2022,Classic BBQ Sauce,3,439.99,2253.6,credit card,BAKERY20,93 Bartelt Junction,Eschweiler,L-9651
296,Cyb Fernie,2/3/2022,Dog Car Seat Cover,89,530.81,3253.36,cash,SALE10,9 Green Pass,Chingas,
297,Lyle Gerbel,10/7/2022,Pet Water Bottle,42,375.18,9821.79,mobile payment,BAKERY20,2887 Forest Dale Hill,Yuandianhui,
298,Saxon Degli Abbati,1/3/2022,Children's Science Experiment Lab Kit,16,994.99,8366.85,cash,HAPPYHOUR,88 Delladonna Avenue,Sezures,3550-286
299,Molly Tebbet,12/26/2022,Pepper Jack Cheese Slices,26,184.64,6415.55,mobile payment,HAPPYHOUR,606 Ronald Regan Lane,Pampachiri,
300,Tessie Rivers,6/28/2022,Pet Bed,94,623.67,755.52,credit card,BAKERY20,022 Montana Drive,Pamiątkowo,00-805
301,Darline Hully,3/22/2022,Spicy Kimchi,51,529.64,8948.7,mobile payment,HAPPYHOUR,06 Loomis Court,Bollnäs,821 94
302,Estel Doodney,7/5/2022,Curried Lentil Salad,48,590.51,3330.58,mobile payment,SALE10,39927 Maple Wood Pass,Gainesville,32605
303,Dean Deex,3/5/2022,Savory Snack Mix,43,318.63,7824.73,cash,HAPPYHOUR,843 Harper Alley,Cabrobó,56180-000
304,Jarad Iaduccelli,11/24/2022,Mobile Workbench,52,573.52,342.45,cash,SALE10,18 Di Loreto Court,Domont,95445 CEDEX
305,Kelly Casotti,1/20/2022,Sous Vide Cooker,49,29.89,2174.79,mobile payment,BAKERY20,88 Shoshone Park,Buinsk,429720
306,Pate Berston,2/21/2022,Smart LED Desk Lamp,81,761.95,2708.05,mobile payment,BAKERY20,55412 Sunnyside Parkway,Komprachcice,46-070
307,Michal Soppett,2/1/2022,Bluetooth Car Adapter,95,476.81,2285.59,mobile payment,HAPPYHOUR,86 Ridgeway Point,Sofo-Birnin-Gwari,
308,Vladimir Iacopini,7/22/2022,Dark Chocolate Covered Pretzels,80,497.75,351.67,mobile payment,BAKERY20,943 Atwood Alley,Encantado,95960-000
309,Riane Hurdedge,7/20/2022,LED Christmas Lights,97,896.75,7611.95,cash,SALE10,3 Pepper Wood Trail,Acevedo,417088
310,Forbes Shand,11/7/2022,Pepperoni Pizza Rolls,40,505.05,8472.85,mobile payment,BAKERY20,305 School Way,Rantau,
311,Rolf Doerrling,10/3/2022,Pesto Pasta Salad,48,277.05,2005.75,credit card,BAKERY20,9218 Killdeer Court,Bang Kho Laem,10130
312,Andris Knapp,6/30/2022,Mediterranean Couscous Salad,18,230.96,5788.1,credit card,HAPPYHOUR,1247 Nancy Street,Nafada,
313,Matilde Bonaire,7/17/2022,Bluetooth Sleep Headphones,37,841.68,3353.34,credit card,SALE10,31 Commercial Parkway,Bonneuil-sur-Marne,94865 CEDEX
314,Delphinia Molan,3/27/2022,Mobile Workbench,49,959.97,3009.61,cash,HAPPYHOUR,5356 Armistice Circle,Kalayemule,
315,Grenville Douthwaite,2/22/2022,Quinoa and Kale Salad Kit,38,193.79,4274.12,cash,SALE10,0 Lakewood Gardens Alley,Eastern Suburbs Mc,1325
316,Dyan Bunclark,1/13/2022,Crispy Chickpeas,44,606.83,9977.42,cash,BAKERY20,2 Drewry Avenue,Võhma,
317,Moritz Stiell,5/18/2022,Mango Chilli Sauce,31,113.21,9805.01,cash,BAKERY20,58 Vera Street,Nickby,21310
318,Dedra Chartre,9/29/2022,Lentil Vegetable Stew,67,91.36,4647.28,mobile payment,HAPPYHOUR,2960 Armistice Terrace,Zlatoust,456209
319,Arluene Shellard,10/2/2022,Chocolate Fudge Brownie Mix,38,217.15,9173.76,mobile payment,HAPPYHOUR,1 Fairview Avenue,Lamu,
320,Tanya Boxell,1/8/2022,Vegetable Lasagna,68,758.28,5964.0,credit card,BAKERY20,5985 Crescent Oaks Center,Penedo,4650-080
321,Morten Rennenbach,8/11/2022,Natural Peanut Butter,3,504.38,1292.49,credit card,SALE10,6 Truax Trail,Ramat Yishay,
322,Robinett Kaliszewski,12/4/2022,Wrap Front Midi Skirt,100,73.83,5952.43,mobile payment,BAKERY20,6246 South Parkway,Shaxi,
323,Reinaldo McCaffery,6/27/2022,Lemonade Mix,5,903.16,9383.22,credit card,BAKERY20,7 Tennyson Way,Marseille,13568 CEDEX 02
324,Dudley Curle,10/1/2022,Roasted Chickpeas,59,238.64,9164.99,credit card,SALE10,9715 Corben Trail,Metsamor,
325,Syman Lympenie,9/14/2022,Sooji (Semolina),35,276.43,8309.91,cash,HAPPYHOUR,508 Sherman Point,Ghazni,
326,Farah Cudworth,11/3/2022,Frozen Chicken Nuggets,53,341.08,6954.4,mobile payment,HAPPYHOUR,10 Express Place,Ruyigi,
327,Holly Laphorn,7/15/2022,LED Table Lamp,89,337.31,5947.71,cash,HAPPYHOUR,1714 Derek Street,Janów,42-253
328,Luz McGurk,7/25/2022,Elegant Lace Dress,39,139.19,2626.72,cash,SALE10,51183 Maple Wood Terrace,Gizo,
329,Allsun Perllman,10/10/2022,Organic Fruit Salad,93,128.05,1259.69,mobile payment,BAKERY20,3 Knutson Park,Şafwá,
330,Inness Prickett,12/20/2022,Cotton Pajama Set,55,324.85,8471.27,mobile payment,SALE10,2479 Lunder Parkway,Rönninge,144 40
331,Kathe Hindmoor,11/21/2022,Fashionable Scarves Set,25,676.03,8725.95,mobile payment,SALE10,36896 Arkansas Drive,Marseille,13907 CEDEX 20
332,Magnum Mount,12/18/2022,Puzzle Game Set,62,506.12,878.57,cash,SALE10,5067 Riverside Drive,Hongcao,
333,Davina Turvie,12/3/2022,Lemon Zest Olive Oil,84,291.5,1289.09,cash,HAPPYHOUR,25141 Melody Parkway,Oeiras,64500-000
334,Des Touret,3/4/2022,Garden Tool Set with Carrying Bag,89,748.66,2.16,credit card,SALE10,81334 Shasta Street,Dayou,
335,Florida Brimmell,1/23/2022,Two-Tone Windbreaker,48,88.02,4602.03,cash,HAPPYHOUR,0 Kensington Junction,Mbouda,
336,Naoma Muat,4/15/2022,Rustic Wooden Picture Frame,38,285.82,3333.2,cash,BAKERY20,468 Spenser Terrace,Nyköping,611 24
337,Dimitry Riley,2/1/2022,V-Neck Sweater,9,532.23,5770.82,cash,BAKERY20,85 Bunker Hill Avenue,Praga Północ,05-094
338,Foster Burgoin,6/25/2022,Ethically-Sourced Coffee Beans,59,380.02,9329.63,credit card,BAKERY20,8870 Algoma Terrace,Asahi,989-2474
339,Krystle Fere,1/4/2022,Digital Photo Frame,67,293.73,1438.94,credit card,BAKERY20,7168 Mallory Parkway,Vallentuna,186 53
340,Legra Bimson,10/2/2022,Wall Art Stickers,56,235.79,799.6,cash,SALE10,7779 Bartillon Trail,Four Cross Roads,
341,Teri Lates,3/28/2022,Lightweight Rain Jacket,73,855.94,7064.36,cash,SALE10,7 Golf View Crossing,Belém,58255-000
342,Hedda Chevalier,5/27/2022,Ginger Tea,28,743.35,3286.02,credit card,HAPPYHOUR,1 Acker Road,Châlons-en-Champagne,51012 CEDEX
343,Korry Nazair,9/7/2022,Vegetable Broth,57,53.77,4898.78,credit card,BAKERY20,7 Kipling Avenue,Seroa,4595-414
344,Boycie Lagden,2/16/2022,Almond Flour Pizza Crust,2,584.41,7447.91,mobile payment,BAKERY20,06 Bobwhite Terrace,Batgrām,21041
345,Oberon Duddell,2/25/2022,Heavy-Duty Utility Tote,39,52.96,2666.24,mobile payment,HAPPYHOUR,6 Glendale Drive,Cherepovets,162674
346,Jeanna Renton,11/22/2022,Fruit and Nut Bars,28,718.48,1788.3,cash,HAPPYHOUR,4696 Hermina Court,Venezia,30132
347,Gabriel Raye,9/14/2022,Plant Watering Spikes,18,146.61,2521.25,cash,SALE10,572 Claremont Terrace,Sathon,10130
348,Perry Banfield,12/21/2022,Board Game,5,58.01,6602.42,mobile payment,HAPPYHOUR,121 Northwestern Hill,Moyynkum,
349,Amil Benham,12/28/2022,Savory Pumpkin Soup,27,778.11,7281.78,credit card,SALE10,28290 Graedel Road,Soledade,99300-000
350,Persis Fuzzey,1/15/2022,Chili Beans in Sauce,41,756.14,2697.47,credit card,BAKERY20,2 Reinke Drive,Nularan,
351,Enid De Roos,9/20/2022,Insulated Coffee Mug,54,543.58,1294.26,mobile payment,HAPPYHOUR,9704 Tennessee Trail,Lincheng,
352,Lesly Tweedle,11/29/2022,Portable Leaf Blower,85,615.04,8685.02,cash,BAKERY20,9 Village Green Street,Pogorzyce,32-503
353,Brok Ansty,12/22/2022,Pet Safety Harness,74,407.82,6019.97,mobile payment,SALE10,9203 Declaration Road,Libu,
354,Hillary Carrington,12/14/2022,Turmeric Ginger Tea,58,125.6,6649.68,cash,BAKERY20,204 Melby Hill,Heka,
355,Krystalle Trevon,11/26/2022,Creamy Ranch Dressing,22,789.71,3899.41,cash,HAPPYHOUR,95263 John Wall Street,Xianshui,
356,Carmelita Spencook,8/26/2022,Spinach and Ricotta Ravioli,25,774.48,342.88,mobile payment,HAPPYHOUR,91 Nobel Way,Afonsoeiro,2870-013
357,Linda Habbin,2/27/2022,Fitness Activity Journal,52,329.94,3406.86,mobile payment,BAKERY20,479 Melody Parkway,Binglincha,
358,Ardra Fotitt,3/24/2022,Buffalo Stilton Cheese,85,272.27,6833.05,mobile payment,HAPPYHOUR,9780 Dottie Alley,Longmen,
359,Alvina Chardin,2/12/2022,Wall-Mounted Spice Rack,39,837.89,4362.22,cash,SALE10,0845 Thierer Lane,Cañasgordas,057068
360,Corbett Caswill,7/22/2022,Canvas Tote Bag,41,563.24,9462.06,cash,BAKERY20,9407 Cordelia Circle,Buyende,
361,Marven Culleton,9/5/2022,Mini Waffle Maker,65,252.45,5060.96,credit card,HAPPYHOUR,10352 Oneill Road,Luján,6700
362,Garrek Brearton,2/26/2022,Spicy Avocado Salsa,37,339.14,1198.4,mobile payment,BAKERY20,37634 Thompson Plaza,El Corpus,
363,Edan Padden,1/13/2022,Stuffed Bell Peppers,28,597.22,3668.83,cash,HAPPYHOUR,5774 Cascade Road,Loppi,12701
364,Marisa Heaphy,8/3/2022,Low-Fat Yogurt,55,503.66,4611.7,cash,SALE10,8 Pearson Parkway,Kadujangkung,
365,Erik Simyson,7/26/2022,Chocolate Raspberry Tart,77,829.19,9069.75,mobile payment,HAPPYHOUR,7 Canary Drive,Manizales,170017
366,Whitney Penni,3/7/2022,French Onion Dip,68,17.73,7306.72,credit card,HAPPYHOUR,418 Bluejay Alley,Chame,
367,Bevin Reddings,8/29/2022,Floral Wrap Top,4,870.4,1622.25,credit card,SALE10,30628 Esch Lane,Helsingborg,253 00
368,Roselle Skelton,9/5/2022,Portable Hammock Swing,6,227.45,8934.67,credit card,SALE10,974 2nd Crossing,L'Assomption,J5W
369,Ruperta Eddleston,6/16/2022,Pecan Pie Filling,46,897.88,3899.2,credit card,BAKERY20,648 Lillian Center,Nickby,21310
370,Sharon Rottery,12/28/2022,Poppy Seed Dressing,8,653.68,7417.05,cash,HAPPYHOUR,184 Morningstar Pass,Tiksi,678409
371,Tamiko Kabos,6/28/2022,Vegan Taco Seasoning,48,437.84,325.19,cash,SALE10,7 Evergreen Street,Mendeleyevskiy,301070
372,Caroljean Aleksandrev,7/10/2022,Buffalo Cauliflower Wings,80,927.17,8808.88,credit card,HAPPYHOUR,9933 Clemons Plaza,Drásov,664 24
373,Amery Seamons,7/6/2022,French Onion Dip,91,952.93,3541.22,mobile payment,SALE10,31 Homewood Trail,Verbilki,141930
374,Dody Garry,8/2/2022,Peach Mango Smoothie,67,915.03,4274.96,mobile payment,BAKERY20,54623 Ridgeview Crossing,Oceanside,92056
375,Isabeau Campione,10/4/2022,Herbal Garden Starter Kit,13,954.04,829.3,credit card,SALE10,6 Dakota Park,Abakaliki,
376,Ketty Stallworthy,4/28/2022,Hiking Gaiters,2,863.65,7517.24,credit card,SALE10,7941 Holy Cross Place,Rappang,
377,Phelia Presdie,4/11/2022,Trendy Bomber Jacket,77,793.13,6166.25,mobile payment,SALE10,873 Debs Street,Sambungjaya,
378,Dale Sewell,3/3/2022,Protein Powder,14,735.16,8002.1,credit card,SALE10,17 Laurel Trail,Beni Khiar,
379,Dode Yon,3/30/2022,Garden Tool Set with Carrying Bag,98,169.1,7550.82,mobile payment,SALE10,410 Delaware Court,Isiolo,
380,Ernesta Nisius,7/27/2022,Glass Water Bottle,8,59.07,1110.58,mobile payment,BAKERY20,84 Clarendon Avenue,Göteborg,411 31
381,Van Dewey,3/21/2022,Wireless Security System,2,912.4,9208.8,mobile payment,HAPPYHOUR,8 Dennis Way,Bakıxanov,
382,Michaella St. Hill,1/9/2022,Handcrafted Wooden Coasters,57,74.58,1745.06,cash,HAPPYHOUR,8 Beilfuss Way,Lefkímmi,
383,Brittani Gooderidge,1/23/2022,Pet Tracking Collar,60,897.69,3870.03,mobile payment,SALE10,15 Graceland Plaza,København,1320
384,Salem Peatt,4/14/2022,Adjustable Pedicure Footrest,31,600.19,3065.05,mobile payment,SALE10,749 Helena Circle,Yaring,94150
385,Ev Parsonage,2/7/2022,Travel Sewing Kit,17,254.73,5405.63,mobile payment,HAPPYHOUR,65109 Mallory Center,Delta del Tigre,
386,Sadye Paulley,12/30/2022,Roasted Garlic Butter,86,208.33,5282.86,credit card,HAPPYHOUR,847 Continental Street,Čelopek,1227
387,Janaya Yewdall,8/12/2022,Dish Rack,67,810.1,8168.4,credit card,HAPPYHOUR,328 Pearson Place,Hongqi,
388,Bartholomew Duinbleton,8/18/2022,Classic White T-Shirt,78,732.32,544.91,credit card,SALE10,765 Carioca Plaza,Tríkala,
389,Vinny Londing,5/10/2022,Fitness Resistance Bands,99,638.65,3000.67,cash,BAKERY20,31 Gulseth Terrace,Veinticinco de Mayo,8201
390,Mariejeanne Padkin,3/11/2022,Raspberry Vanilla Greek Yogurt,70,506.07,1659.67,mobile payment,BAKERY20,786 Grim Crossing,Novozybkov,243036
391,Joleen Keeri,5/30/2022,Infrared Thermometer Gun,28,987.3,9894.31,credit card,SALE10,37 Moland Point,Vereshchagino,303642
392,Dennie O'Shevlan,1/7/2022,Coconut Cashew Yogurt,89,473.64,950.67,credit card,BAKERY20,8182 Vahlen Point,Dongji,
393,Arman Thorold,7/24/2022,Frozen Mixed Berries,51,332.36,859.72,credit card,HAPPYHOUR,92366 Starling Road,Viradouro,14740-000
394,Cayla Thicking,8/1/2022,Cauliflower Rice Stir-Fry,97,549.46,5250.67,cash,HAPPYHOUR,4 Dakota Way,Ōme,357-0056
395,Honoria MacIlraith,1/29/2022,Stick Vacuums Cleaner,75,507.98,7358.53,cash,BAKERY20,7968 Elka Junction,Alingsås,441 63
396,Malva Benduhn,11/9/2022,Kettle BBQ Grill,46,900.4,9881.75,cash,BAKERY20,5 Milwaukee Parkway,Totoral,
397,Hadley Crossfield,11/29/2022,Folding Pocket Knife,19,658.79,7616.19,cash,BAKERY20,7869 Portage Place,Verbivka,
398,Cristobal Cheatle,7/29/2022,Non-Toxic Concrete Sealer,33,856.84,5402.55,mobile payment,HAPPYHOUR,37 Clyde Gallagher Place,Baitu,
399,Clarence Goodman,1/3/2022,Wall-Mounted Wine Rack,39,292.09,6837.86,mobile payment,SALE10,74659 Anhalt Court,Zhdanov,
400,Merwin O'Keeffe,7/7/2022,Outdoor Sports Backpack,63,721.32,3797.67,cash,HAPPYHOUR,94956 Crownhardt Street,Santa Bárbara d'Oeste,13450-000
401,Rivkah Chern,2/5/2022,Kale Salad Kit,40,578.44,9437.32,cash,HAPPYHOUR,315 Marcy Alley,Pucangkrajan,
402,Louis O'Deoran,4/18/2022,Coconut Oil,73,630.2,7656.55,cash,HAPPYHOUR,0940 Hudson Point,Naftalan,
403,Ulla Enochsson,8/6/2022,Breathable Face Mask Set,11,928.66,1941.5,mobile payment,SALE10,99 Arizona Court,Néa Pélla,
404,Kriste Hagergham,8/13/2022,Almond Butter Crunch Bar,88,639.08,3886.45,cash,SALE10,907 Sutherland Hill,Rappang,
405,Genny Wynrahame,12/11/2022,Reversible Swimming Pool Lounger,70,737.88,1533.41,cash,BAKERY20,04623 Saint Paul Road,Skellefteå,931 77
406,Sidney Arons,12/18/2022,Almond Joy Munch Bars,53,143.71,5833.53,mobile payment,HAPPYHOUR,9342 Dayton Drive,Cibalieur,
407,Emlynne Sprigin,10/23/2022,Spinach and Feta Wraps,91,745.61,6642.67,cash,HAPPYHOUR,75 Texas Center,Ferkessédougou,
408,Marne Jallin,12/14/2022,Garden Hoses with Expandable Features,39,722.25,8565.4,credit card,BAKERY20,3 Rowland Alley,Onan Ganjang Satu,
409,Hewitt Lalley,5/18/2022,Portable Massage Table,97,139.56,7568.0,mobile payment,BAKERY20,489 Kedzie Road,Tõrva,
410,Dixie Begbie,9/12/2022,Lemon Garlic Marinade,79,606.36,5971.38,cash,BAKERY20,1008 Bluestem Road,Zaprudnya,141960
411,Brita Casburn,5/24/2022,Electric Rice Cooker,67,732.83,1287.89,credit card,BAKERY20,2220 Steensland Park,Chanthaburi,24120
412,Nicky Laurencot,4/18/2022,Children's Musical Instrument Set,97,724.3,9225.11,mobile payment,HAPPYHOUR,3622 Shasta Alley,Praia,
413,Jordon Olver,8/28/2022,Kid's Fruit Snacks,41,540.43,8766.5,credit card,HAPPYHOUR,264 Everett Court,Kusi,
414,Berni Lodden,11/30/2022,Decorative LED Neon Sign,52,401.34,835.7,cash,BAKERY20,0 Bashford Alley,Purworejo,
415,Carroll Dobkin,4/1/2022,Pet Water Fountain with Filtration,86,603.27,7019.41,credit card,HAPPYHOUR,67 Westridge Lane,Perštejn,431 63
416,Justus Noni,9/17/2022,Plant-Based Cookbook,43,589.28,123.38,credit card,SALE10,5 Tennessee Drive,Hesperange,L-5941
417,Farra Golthorpp,2/25/2022,Organic Whole Wheat Flour,71,582.81,1786.92,cash,BAKERY20,92 Rieder Terrace,Taung,8609
418,Nikki Pendrich,6/12/2022,Black Olives,27,523.9,7423.95,mobile payment,BAKERY20,30890 Pleasure Center,Mileb,6088
419,Leigh ducarme,2/17/2022,Jigsaw Puzzle,32,416.31,4664.62,cash,BAKERY20,4 Caliangt Alley,Mujur,
420,Shelley Kibel,3/26/2022,Himalayan Salt Grinder,100,873.69,4636.44,credit card,SALE10,46 Schmedeman Point,Lena,
421,Mollee Libbe,1/1/2022,Noise-Canceling Earbuds,30,65.11,5421.14,mobile payment,SALE10,03 School Parkway,Béja,
422,Krishnah Edds,7/29/2022,Pasta Maker Machine,41,70.17,5146.58,credit card,HAPPYHOUR,6 Burrows Hill,Budapest,1239
423,Jillene Tomik,5/26/2022,Breezy Off-The-Shoulder Top,100,65.04,2234.55,mobile payment,SALE10,962 Division Crossing,Quito,
424,Wolfgang Sollitt,8/19/2022,Pet Travel Bed,63,298.96,1388.65,cash,HAPPYHOUR,12312 Forest Run Place,Sapataria,2590-431
425,Rosabelle Antoshin,8/24/2022,Customizable Wall Calendar,8,114.57,8503.86,mobile payment,SALE10,07891 Hovde Crossing,Linhu,
426,Kelsey Mathelon,3/2/2022,Organic Quinoa Salad,63,148.37,9122.6,cash,SALE10,245 Helena Lane,Al Jamīmah,
427,Sumner Marsy,7/14/2022,Fruit & Nut Trail Mix,7,284.57,7744.78,credit card,HAPPYHOUR,2639 Sloan Center,Rakvere,
428,Ange Galvin,11/12/2022,Portable Solar Charger,74,100.7,2158.87,cash,HAPPYHOUR,70 Lyons Parkway,Hongqi,
429,Gauthier Woodus,4/14/2022,Children's Gardening Set,6,22.25,8331.4,cash,BAKERY20,683 Bunker Hill Trail,Concepción de la Barranca,
430,Cornela Ox,12/16/2022,Spinach and Feta Wraps,45,80.33,5316.18,credit card,BAKERY20,164 Thackeray Alley,Venustiano Carranza,93848
431,Kassandra Sailes,11/2/2022,Almond Crunch Granola Bars,2,304.54,9647.69,credit card,SALE10,181 Atwood Street,Ponte,4610-475
432,Barty McGillicuddy,10/6/2022,Multi-Layer Food Steamer,59,566.4,8753.62,mobile payment,BAKERY20,4309 Brentwood Street,Jāndiāla Sher Khān,38860
433,Bill Mosedale,7/22/2022,Pumpkin Spice Latte Mix,23,305.22,7607.95,cash,HAPPYHOUR,82 Riverside Lane,Caoxi,
434,Marnia Tombs,12/27/2022,Chocolate Chip Cookie Dough,85,667.04,7788.81,mobile payment,SALE10,8 Sutherland Drive,Verbilki,141930
435,Clotilda Beddoes,6/25/2022,Mango Chia Pudding,91,238.18,4429.35,credit card,BAKERY20,9700 Hanson Road,Auray,56404 CEDEX
436,Kerrill Ludee,11/2/2022,Travel Eye Mask with Ear Plugs,83,880.66,3569.61,credit card,SALE10,556 Anniversary Road,Ol’ginskaya,663914
437,Ebenezer Greenstreet,4/13/2022,Animal Paw Print Soap Dispenser,74,592.61,1555.99,credit card,HAPPYHOUR,4 Jay Lane,Rontu,
438,Aurelie Pettifor,7/26/2022,Stainless Steel Water Bottle,86,541.87,7680.65,credit card,HAPPYHOUR,801 Graceland Parkway,Igarassu,53600-000
439,Dynah de Aguirre,1/25/2022,Fleece Hoodie,25,856.73,2891.26,cash,SALE10,4697 Merrick Crossing,Guangshan Chengguanzhen,
440,Morse Denslow,7/9/2022,Teriyaki Chicken Wings,25,210.66,6567.09,cash,BAKERY20,40202 Sundown Center,Vaulx-en-Velin,69519 CEDEX
441,Garrot Dominelli,6/4/2022,Honey Sesame Chicken Mix,17,885.12,2749.69,credit card,SALE10,7318 Mariners Cove Terrace,Strzelce,99-307
442,Aretha Haskayne,4/3/2022,Wireless Printer,58,36.56,3006.31,cash,BAKERY20,49 Maywood Point,Chybie,43-520
443,Derry Andreone,8/20/2022,Frozen Berry Medley,11,843.99,4610.78,cash,SALE10,574 Kipling Terrace,Forninho,2965-223
444,Raymund Hutcheson,11/19/2022,Wooden Puzzle Game,86,591.61,2384.79,cash,BAKERY20,5921 Porter Alley,Brudzeń Duży,09-414
445,Faber Sapsed,12/25/2022,Cream Cheese,63,179.96,7081.79,mobile payment,BAKERY20,7 Sunfield Avenue,Kampungraja,
446,Valle Peare,1/17/2022,Tuscan Bean Soup,18,277.58,3431.64,mobile payment,SALE10,7628 Canary Parkway,Randusari,
447,Reina Sherman,10/28/2022,Black Bean Soup,91,568.36,1106.8,cash,BAKERY20,439 Southridge Hill,Massenya,
448,Hope Draysay,1/29/2022,Smart Thermostat with Wi-Fi,45,299.49,9530.37,credit card,BAKERY20,69458 Brickson Park Street,Noenoni,
449,Moses Covet,6/18/2022,Wireless Wi-Fi Extender,27,234.64,5065.59,cash,SALE10,0182 Lighthouse Bay Point,Jayyūs,
450,Regan Pawel,3/21/2022,Pet Activity Tracker,88,504.07,4753.27,cash,BAKERY20,6 Cottonwood Place,Bodeh,
451,Dawn Findlay,5/15/2022,Portable Camping Stove,25,374.36,3073.77,cash,BAKERY20,230 Fulton Hill,Tenja,31207
452,Vanni Fitzsymonds,1/18/2022,Ready-to-Eat Chili,17,575.78,284.01,mobile payment,HAPPYHOUR,52323 Upham Plaza,Cordova,6017
453,Josee Corton,7/25/2022,Portable Laptop Table,47,432.1,7216.8,mobile payment,HAPPYHOUR,74 Carpenter Circle,Heping,
454,Averill Braganza,5/21/2022,Almond Flour Bread Mix,48,619.48,3745.98,mobile payment,SALE10,7497 Caliangt Park,Milwaukee,53234
455,Barnard Blasli,12/29/2022,Italian Sausage and Peppers,29,759.12,7334.93,cash,HAPPYHOUR,502 Independence Junction,Mnichovo Hradiště,295 01
456,Andy Overington,7/14/2022,Yoga Mat,98,43.09,2398.95,cash,HAPPYHOUR,620 Merrick Street,Ezhou,
457,Conroy Pamplin,2/25/2022,Tomato Basil Pasta Sauce,80,355.68,9654.65,credit card,BAKERY20,17271 Dixon Junction,Bedadung Kulon,
458,Alissa Benduhn,12/4/2022,Fishing Tackle Box,93,544.71,2416.18,credit card,BAKERY20,5 Laurel Way,Pereleshino,396180
459,Annecorinne Housin,2/20/2022,Organic Coconut Yogurt,93,807.82,2378.81,credit card,HAPPYHOUR,6154 Grim Circle,Villa Verde,3605
460,Ruthann Cloy,3/24/2022,Black Bean Spaghetti,9,77.78,1178.88,credit card,HAPPYHOUR,07646 Lyons Place,Khiwa,
461,Reine Kehir,6/4/2022,Car Diagnostic Scanner,63,529.51,2645.76,mobile payment,HAPPYHOUR,3 Bunting Trail,Ranua,97701
462,Lynde Polhill,7/23/2022,Sea Salt Tortilla Chips,50,752.83,5585.98,cash,BAKERY20,92 Everett Plaza,Mangseng,
463,Mitchell Vedstra,3/5/2022,Raspberry Vanilla Greek Yogurt,5,623.22,4719.91,mobile payment,SALE10,055 Fremont Terrace,Shangyi,
464,Reamonn Leek,5/3/2022,Fresh Basil Pesto,71,495.76,9386.38,mobile payment,BAKERY20,78417 Park Meadow Court,Saḩāb,
465,Rowen Snuggs,11/6/2022,Electric Kettle with Temperature Control,6,480.94,2031.84,cash,HAPPYHOUR,9 Scoville Avenue,Yudai,
466,Delphinia Offiler,2/13/2022,Bluetooth Headphones,63,790.82,9462.79,cash,SALE10,8345 Boyd Street,Suç,
467,Talyah Ridd,1/10/2022,Foldable Picnic Table,80,176.83,993.46,mobile payment,BAKERY20,001 Northview Pass,Tampa,33661
468,Clarence Hasted,6/14/2022,Samsung Galaxy Smartwatch,11,875.65,6104.71,cash,SALE10,66 Pine View Parkway,Kentongan,
469,Danyelle Totterdill,10/3/2022,Whipped Cream Cheese,2,389.48,4249.41,mobile payment,BAKERY20,88 Atwood Parkway,Gostimë,
470,Clement Baseke,12/27/2022,Stainless Steel Straws,5,410.33,3223.45,cash,BAKERY20,2 Meadow Ridge Center,Nazaré,2450-104
471,Carissa Albon,4/20/2022,Elegant Lace Dress,32,999.67,4796.35,mobile payment,BAKERY20,64015 Northview Plaza,Tangdukou,
472,Jaymee William,1/28/2022,Pumpkin Spice Pancake Mix,5,454.16,8018.51,mobile payment,SALE10,6 Coolidge Road,Stocksund,182 74
473,Lisetta Orwin,6/30/2022,Cherry Almond Protein Bar,66,519.06,7453.29,credit card,SALE10,479 Buhler Plaza,Veranópolis,95330-000
474,Rodrique Spurdle,1/12/2022,Feta Cheese,24,928.5,8218.78,credit card,HAPPYHOUR,419 Michigan Pass,Palmerston North,4820
475,Tybie Wrankling,11/28/2022,Chocolate Chip Energy Balls,55,371.23,7774.24,cash,HAPPYHOUR,960 Ronald Regan Drive,Ropice,739 61
476,Isahella O'Sullivan,9/6/2022,Falafel Mix,16,287.0,6959.06,mobile payment,HAPPYHOUR,69 Fordem Drive,Pingya,
477,Germain Candie,12/4/2022,Wireless Earbuds Case,98,556.21,5385.63,cash,SALE10,85419 Saint Paul Avenue,Santa Ana,
478,Bordy Shambrooke,9/21/2022,Protein Bar Variety Pack,54,463.34,7053.97,credit card,SALE10,29665 Dawn Alley,Perez,4334
479,Langston Skahill,10/30/2022,Cotton Pajama Set,15,150.29,713.42,credit card,SALE10,251 Corscot Parkway,Angelochóri,
480,Sadie Montes,1/24/2022,Lentil Pasta,79,313.15,3929.33,mobile payment,BAKERY20,6872 Graedel Way,Talas,
481,Ermentrude Vibert,7/21/2022,Tattoo Kit,36,764.47,5647.24,credit card,HAPPYHOUR,3 Di Loreto Road,Coolock,D17
482,Amanda Tonbridge,7/2/2022,Adjustable Window Blind,66,817.8,8513.73,cash,BAKERY20,48 Onsgard Circle,Hengqiao,
483,Port McCree,5/23/2022,Electric Griddle with Removable Plates,79,847.97,9178.67,cash,BAKERY20,01 Nelson Avenue,Qorovulbozor Shahri,
484,Lian Giraudot,11/14/2022,Denim Jacket,22,58.52,3584.84,mobile payment,HAPPYHOUR,0 Delladonna Center,Baishan,
485,Frasquito Parramore,1/17/2022,Honey Garlic Chicken,100,922.28,5859.57,mobile payment,BAKERY20,93 Rigney Pass,Olejet,
486,Thorstein Rollett,4/18/2022,Sporty Cap,80,787.87,2158.8,cash,HAPPYHOUR,54 Hudson Crossing,Tsinandali,
487,Grayce Babe,5/30/2022,LED Desk Lamp with USB Charging Port,70,768.22,2964.55,cash,BAKERY20,6461 Gale Alley,Louguan,
488,Allyson Shemmin,1/10/2022,Hiking Water Bottle with Filter,96,89.17,796.51,credit card,HAPPYHOUR,833 Basil Drive,Tangkolo,
489,Alwin Rakes,6/7/2022,Herbed Couscous,72,624.7,7994.02,mobile payment,BAKERY20,62 Elgar Junction,Neuzina,
490,Aloysius Skerrett,9/20/2022,Oven-Baked Chicken Tenders,28,618.03,7818.98,cash,HAPPYHOUR,7452 Merry Center,Phú Túc,
491,Tyler Alfonso,11/1/2022,Foam Roller for Muscle Recovery,64,566.93,2799.6,mobile payment,SALE10,7 Southridge Drive,Strumica,2400
492,Darcie Tipper,9/4/2022,Hummus,57,935.45,9527.44,mobile payment,SALE10,9 Lakewood Gardens Center,Carmelo,9212
493,Madonna Arendt,6/18/2022,Pet Travel Bowl,69,459.74,4393.01,credit card,BAKERY20,6 Delladonna Way,Volta Redonda,27200-000
494,Myrna Childers,3/12/2022,Tomatillo Salsa,22,170.47,1589.01,mobile payment,HAPPYHOUR,4132 Fisk Avenue,Xicheng,
495,Alex Lestrange,9/28/2022,Eco-Friendly Notepad,80,71.08,1147.11,cash,BAKERY20,2 Montana Drive,Shklo,
496,Ceil McReedy,9/14/2022,Hibiscus Herbal Tea,40,157.22,2595.11,credit card,HAPPYHOUR,0 Eagle Crest Point,Caoyan,
497,Frederic Heisman,5/22/2022,Interactive Plush Toy,49,140.08,7046.89,cash,BAKERY20,0 Hanover Place,Zhangdan,
498,Stormi Allatt,6/18/2022,Magnetic Phone Case,39,65.62,8178.34,cash,HAPPYHOUR,885 Dakota Lane,Havlíčkův Brod,580 01
499,Eilis Commucci,8/13/2022,Sliced Cheese,22,761.7,2499.03,mobile payment,BAKERY20,2 Evergreen Drive,Sokol,347252
500,Leah Sunnex,12/11/2022,Miso Soup Starter,29,39.19,9195.07,credit card,SALE10,561 Green Point,Kuje,
501,Derek Satterthwaite,5/27/2022,Pizza Stone,54,809.4,7070.46,cash,SALE10,2464 Killdeer Junction,Shilaoren,
502,Bertie Glanders,4/18/2022,Decorative Throw Blanket,23,40.84,6676.41,credit card,BAKERY20,1013 Claremont Way,Pingshi,
503,Margy Road,4/23/2022,Organic Apples,74,777.37,910.08,mobile payment,SALE10,9 6th Avenue,Paobokol,
504,Oren Sazio,5/13/2022,Rice Cakes,79,580.01,7755.65,mobile payment,HAPPYHOUR,5 Bluejay Junction,Staraya Stanitsa,385436
505,Nickolas Surphliss,9/18/2022,Portable Water Filter,78,989.68,9195.06,credit card,SALE10,9 Melrose Circle,Cukanguncal,
506,Netti Joontjes,10/16/2022,Creamy Garlic Dressing,83,673.85,2655.67,mobile payment,HAPPYHOUR,78 Kings Pass,Acomayo,
507,Antonius Packe,1/26/2022,Thai Peanut Noodles,33,673.64,4003.16,mobile payment,SALE10,3200 Village Way,Gucheng,
508,Gilles Huygens,8/31/2022,Basmati Rice,5,49.35,1994.86,credit card,SALE10,16197 Laurel Center,Hats’avan,
509,Claudina Dengel,12/26/2022,Customizable Photo Calendar,84,343.89,2817.92,mobile payment,HAPPYHOUR,4 Dixon Court,Takefu,919-0201
510,Raphael Lumsdon,12/4/2022,Organic Chia Seeds,64,48.02,3653.49,credit card,SALE10,5948 Bay Alley,Kokkinóchoma,
511,Mikkel Evangelinos,4/20/2022,Electric Blanket,68,606.54,3929.13,mobile payment,HAPPYHOUR,88058 Loftsgordon Place,Parigi,
512,Larina Wraxall,8/15/2022,Spinach Pizza Rolls,87,155.08,5974.25,cash,HAPPYHOUR,9 Waywood Terrace,Rancho Nuevo,78430
513,Tony Illes,10/5/2022,Insulated Coffee Mug,87,893.33,6123.27,mobile payment,SALE10,1823 North Plaza,Rönninge,144 62
514,Nicolina Jirka,5/24/2022,Dark Chocolate Tart,8,370.48,7388.19,credit card,SALE10,55 Annamark Hill,Liyang,
515,Rozalin Sellick,5/1/2022,Gluten-Free Pancake Mix,22,183.86,3401.32,mobile payment,BAKERY20,3991 Montana Drive,Obikiik,
516,Diann Gawkes,1/4/2022,Canned Coconut Milk,85,13.78,4366.74,cash,HAPPYHOUR,2428 Golf Court,Lyon,69395 CEDEX 03
517,Daryn Hebard,9/30/2022,Greek Yogurt,92,868.23,3974.42,mobile payment,SALE10,702 Loomis Circle,Karagandy,
518,Von Franz-Schoninger,9/21/2022,Herb Garlic Butter,40,147.16,9849.76,credit card,BAKERY20,60984 Porter Parkway,Pregradnoye,356040
519,Penelopa Falcus,4/4/2022,Garlic and Herb Rub,16,323.25,9282.47,mobile payment,SALE10,2 Sommers Plaza,Gandi,
520,Clarinda Steely,3/15/2022,Chunky Knit Sweater,81,314.05,9905.03,credit card,HAPPYHOUR,6653 Fremont Circle,Baganhilir,
521,Philippe Hubatsch,11/12/2022,Bike Helmet,63,936.55,4642.66,cash,BAKERY20,63 Nobel Parkway,Eshan,
522,Ulrikaumeko Hirtzmann,4/20/2022,Smart Wi-Fi Light Bulbs,27,124.19,5355.68,mobile payment,HAPPYHOUR,124 Raven Court,Pridraga,23226
523,Omar Shergill,11/2/2022,Jasmine Rice,38,14.88,348.34,cash,SALE10,932 Summer Ridge Pass,Tegalrejo,
524,Janeen McKag,1/26/2022,Vegetarian Stir Fry Sauce,52,766.12,6996.54,cash,BAKERY20,318 Browning Junction,Del Rosario,5408
525,Aigneis Normanton,3/20/2022,Children's Garden Tool Set,28,592.17,3451.95,credit card,HAPPYHOUR,6 Sycamore Hill,Burujul,
526,Rhoda Kirkhouse,2/6/2022,Interchangeable Watch Bands,24,138.51,6515.31,cash,BAKERY20,45 Ridge Oak Hill,Kohtla-Järve,
527,Pandora Valenta,9/17/2022,Dark Chocolate Covered Almonds,57,275.9,8515.23,mobile payment,HAPPYHOUR,7266 Lien Street,Horta,3800-716
528,Ruby Darnbrough,4/10/2022,Shredded Cheese,94,862.64,2305.98,mobile payment,SALE10,973 Rutledge Plaza,Shuangyang,
529,Lucy Coomes,12/25/2022,Foldable Picnic Table,3,143.99,3999.77,mobile payment,HAPPYHOUR,1 Lakeland Place,Wuxi,
530,Noe Prandini,2/16/2022,Mini Pretzels,75,953.7,7606.82,cash,HAPPYHOUR,2 Jana Center,Elías,417018
531,Arlin McPeeters,3/16/2022,Ergonomic Mouse Pad with Wrist Support,13,349.44,8958.75,cash,BAKERY20,8 Utah Plaza,Drezdenko,66-530
532,Leodora Hudless,8/24/2022,Paprika,25,718.46,4859.6,cash,SALE10,6 Little Fleur Alley,Houping,
533,Shay Whether,3/13/2022,Laptop Sleeve,67,149.14,3998.26,cash,BAKERY20,3 Onsgard Junction,Jongīyeh,
534,Janeva Hrinchenko,2/20/2022,Coconut Milk,35,534.41,9396.75,cash,BAKERY20,192 Mendota Pass,Gambarjati,
535,Marleah Kilby,2/19/2022,Chocolate Fudge Ice Cream,46,624.75,8404.31,credit card,BAKERY20,33249 Chinook Place,Xindian,
536,Melodee Cavanagh,1/20/2022,Mango Chunks,24,64.1,7170.02,cash,SALE10,3677 Dunning Junction,Abang,
537,Michele Klaaasen,11/24/2022,Hot Dog Buns,4,651.84,9651.97,credit card,HAPPYHOUR,0086 Eliot Parkway,Wanshi,
538,Luisa Tillot,12/21/2022,Honey Mustard Pretzel Bites,68,593.81,8042.05,mobile payment,BAKERY20,75 Gateway Alley,Cirangga Kidul,
539,Lura Dearnley,7/15/2022,Camping Tarp,7,375.15,3514.8,credit card,BAKERY20,74 Morningstar Avenue,Noemuti,
540,Danna De Bernardis,8/19/2022,Kids' Science Experiment Kit,42,697.56,2571.88,credit card,HAPPYHOUR,38 West Point,Osinniki,652809
541,Germaine Livermore,6/11/2022,Vintage Button-Down Shirt,1,129.21,5067.15,cash,SALE10,35779 Mosinee Alley,Kcynia,89-240
542,Doralynne Pauls,7/27/2022,Measuring Cups Set,100,808.32,6664.59,credit card,HAPPYHOUR,717 Lillian Circle,Byczyna,46-220
543,Bibby Carlsen,6/20/2022,Smart Light Switch,87,728.19,4895.54,cash,BAKERY20,6 Brentwood Avenue,Al Faḩāḩīl,
544,Enoch Moakler,5/18/2022,Sweet Potato and Chickpea Bowl,69,44.5,5135.2,cash,HAPPYHOUR,865 Park Meadow Parkway,Hengshan,
545,Ethelbert Cockshott,1/23/2022,Avocado Oil Mayo,15,246.28,5025.42,credit card,BAKERY20,23 1st Hill,Huarong Chengguanzhen,
546,Kania Treanor,10/23/2022,Herbal Tea Infuser,73,311.09,930.56,credit card,SALE10,8 Gina Circle,Krasnyy Profintern,161213
547,Vinny Creavin,6/27/2022,Cabbage Slaw Mix,91,412.9,6759.5,credit card,SALE10,7 Hazelcrest Avenue,Tosno,187003
548,Nonnah Mc Ilwrick,1/15/2022,Electric Screwdriver,45,942.57,8316.49,credit card,BAKERY20,59506 Gerald Park,Bao’an,
549,Ferdinand Connor,4/3/2022,Garlic Herb Seasoning,41,844.72,1389.33,cash,HAPPYHOUR,71359 Kingsford Avenue,Kalianyar Selatan,
550,Cacilia Caveney,4/6/2022,Dish Soap Dispenser,66,85.76,3444.75,mobile payment,SALE10,552 Fisk Trail,Huanghua,
551,Hieronymus Stiff,10/1/2022,Chickpea Snack Mix,74,350.35,3670.81,mobile payment,HAPPYHOUR,45967 Jana Lane,Magnitogorsk,455051
552,Wallis Creegan,6/27/2022,Whipped Cream Cheese,21,86.04,1505.38,cash,SALE10,73708 Veith Circle,Kalinovskaya,366128
553,Steward Mutter,2/3/2022,Smart Light Switch,75,136.29,3951.62,cash,HAPPYHOUR,2 Maywood Avenue,Charleville-Mézières,08107 CEDEX
554,Margeaux Lovering,4/12/2022,Magnetic Whiteboard,37,704.5,3348.49,cash,HAPPYHOUR,19595 Summit Street,Cergy-Pontoise,95897 CEDEX
555,Sofia McGeachey,11/1/2022,Nut Mix,48,957.4,6986.22,cash,BAKERY20,76 Utah Plaza,Huayllo,
556,Sibby Jennison,4/4/2022,Teriyaki Chicken Skewers,31,90.5,833.27,mobile payment,HAPPYHOUR,1833 Grover Pass,Samphanthawong,10100
557,Nero Gumery,2/21/2022,Mint Chocolate Chip Ice Cream,45,867.81,9080.37,mobile payment,SALE10,04652 Magdeline Plaza,Puchong,47140
558,Winnah Sharma,11/27/2022,Insulated Cooler,59,463.48,2833.19,cash,HAPPYHOUR,6295 Victoria Park,Nanning,
559,Melamie Thowless,2/4/2022,Luminous Night Light,56,248.91,5568.91,cash,HAPPYHOUR,87874 Transport Center,Beregovoy,644905
560,Josey Rizzo,6/28/2022,Adjustable Kneeling Pad,68,844.41,9667.17,cash,HAPPYHOUR,1 Grasskamp Pass,Sindi,
561,Sean Easseby,11/28/2022,Sliced Bread,49,764.04,7285.11,cash,HAPPYHOUR,9584 Namekagon Hill,Lavaur,81506 CEDEX
562,Leonid Ealles,9/13/2022,Recipe Book Stand,15,355.89,5336.16,cash,BAKERY20,11441 Springview Terrace,Bulubrangsi,
563,Stanislaus Brabin,1/12/2022,Lentils,78,425.5,6868.93,cash,SALE10,9278 Petterle Road,Petrolina,56300-000
564,Anni O'Lagen,7/20/2022,Cinnamon Sugar Popcorn,53,842.71,5399.47,mobile payment,HAPPYHOUR,69218 Wayridge Avenue,Ushuaia,9410
565,Urbain Matusson,2/9/2022,Pumpkin Spice Granola,62,225.44,5193.84,mobile payment,HAPPYHOUR,89780 Haas Lane,Parral,
566,Emmalee Pharaoh,12/7/2022,Carrot Ginger Soup,92,360.1,1753.54,credit card,HAPPYHOUR,21 Stuart Point,Montauban,82004 CEDEX
567,Norman Bucksey,2/12/2022,Asian Stir-Fry Vegetables,8,548.34,706.26,cash,HAPPYHOUR,2 Manufacturers Park,Sāh,
568,Ethyl Corbould,7/27/2022,Arcade Game Machine,62,357.28,5778.02,cash,HAPPYHOUR,998 Northport Pass,Birr,R42
569,Rogers Lofty,6/1/2022,Lemon Garlic Shrimp,79,699.32,8639.1,credit card,BAKERY20,5 Sachs Center,Marina,21222
570,Lavinia Gitting,1/27/2022,Portable Air Compressor,28,359.95,8610.14,mobile payment,BAKERY20,4 Anthes Road,Ndungu,
571,Twila Jacquemy,2/7/2022,Lentil Soup (canned),19,581.64,5888.79,credit card,HAPPYHOUR,6438 Stephen Circle,Novodvinsk,164903
572,Elliott Cundict,3/26/2022,Sliced Turkey Breast,81,243.74,6724.29,credit card,HAPPYHOUR,84542 South Lane,Kiambu,
573,Lothaire Atmore,11/11/2022,Sporty Slide Sandals,82,985.75,2747.27,mobile payment,BAKERY20,5272 Havey Avenue,Carapicuíba,06300-000
574,Fonsie Ventris,5/30/2022,Dill Pickle Chips,24,746.53,4403.66,mobile payment,SALE10,289 Annamark Avenue,Longquan,
575,Tommie Dudgeon,4/12/2022,Raspberry Vanilla Greek Yogurt,60,79.97,4046.9,cash,BAKERY20,2 Onsgard Court,Mikrókampos,
576,Germain Sketcher,8/27/2022,Rechargeable Hand Warmer,80,712.65,8708.82,credit card,HAPPYHOUR,66086 La Follette Pass,Yelkhovka,446870
577,Massimo Chaperling,11/1/2022,Organic Ramen Noodles,30,18.51,7164.86,mobile payment,BAKERY20,629 Hansons Place,Pechora,169660
578,Rudiger Huey,10/16/2022,Self-Watering Planter,24,301.77,2888.61,mobile payment,BAKERY20,0985 Golf Course Road,Useldange,L-8708
579,Jess Jarritt,3/5/2022,Tactical Backpack,8,523.01,1156.03,cash,BAKERY20,0298 Roth Street,Paris 10,75464 CEDEX 10
580,Britteny O'Toole,7/31/2022,Chocolate Covered Pretzels,7,611.34,2897.87,credit card,BAKERY20,54 Badeau Way,Helsingborg,251 08
581,Madelon Mansell,3/19/2022,Digital Food Thermometer,6,610.92,6068.7,cash,BAKERY20,6 East Alley,Maguan,
582,Inglebert Reskelly,10/20/2022,Folding Exercise Bike,8,921.3,5856.33,mobile payment,SALE10,08017 La Follette Court,Merida,6540
583,Jemie Ethersey,4/25/2022,Outdoor Adventure Backpack,5,41.47,1964.99,credit card,BAKERY20,94451 Park Meadow Parkway,Heshi,
584,Euell Costin,3/26/2022,Asian Salad Mix,75,238.85,5448.11,credit card,BAKERY20,214 2nd Alley,Jayune,
585,Philip Morot,6/6/2022,Organic Coconut Flour,82,800.76,333.22,cash,BAKERY20,77154 Northland Center,Ciengang,
586,Clem Mallabone,3/13/2022,Reclining Camping Chair,92,109.14,8003.41,credit card,HAPPYHOUR,5 Havey Crossing,Kosakowo,81-198
587,Theadora MacGown,11/14/2022,Maple Syrup,23,238.6,462.79,mobile payment,BAKERY20,8 Pond Alley,Sonta,
588,Josselyn Waple,11/3/2022,Mini Fondue Set,41,934.88,7612.79,mobile payment,SALE10,5 Boyd Avenue,Yanggu,
589,Hunt Forton,4/29/2022,Yoga Wheel,64,784.8,6172.57,cash,SALE10,096 Vera Center,Klerksdorp,2600
590,Annis Sleeny,6/24/2022,Indoor Plants,97,327.4,4259.57,cash,HAPPYHOUR,065 Mosinee Terrace,Chetian,
591,Brendon Croom,5/28/2022,Hiking Water Bottle with Filter,58,988.55,5190.91,cash,BAKERY20,01 Pawling Court,Zaqatala,
592,Jolynn Abley,8/28/2022,Cinnamon Rolls,90,42.44,3025.76,credit card,HAPPYHOUR,250 Karstens Way,Lansing,48912
593,Farrel Manjot,1/21/2022,Smartphone Gimbal Stabilizer,29,701.31,2464.83,credit card,SALE10,8 Division Place,Hougang,
594,Annemarie Dunbar,6/8/2022,Recipe Book Stand,72,174.28,1471.21,cash,HAPPYHOUR,2 Eggendart Drive,Hongor,
595,Bonita Stolz,7/1/2022,Leather Crossbody Bag,71,930.91,1261.79,cash,SALE10,1610 Annamark Alley,Blang Dalam,
596,Anneliese Houlworth,11/14/2022,Sliced Avocado,9,8.35,8586.27,credit card,SALE10,5919 Dwight Trail,Mayakovski,
597,Shaun Ramsdell,6/13/2022,Fitness Resistance Bands,5,548.0,197.9,credit card,HAPPYHOUR,9 Westridge Road,Noormarkku,29601
598,Ase Showers,5/21/2022,Whole Wheat Pasta,16,321.11,2707.98,credit card,HAPPYHOUR,0917 Warrior Street,Hamburg,22769
599,Nananne Huckerby,1/19/2022,Yoga Blocks,22,769.75,6439.51,mobile payment,SALE10,5691 Hauk Parkway,Guxian,
600,Shurlocke Bonavia,9/3/2022,Low-Fat Yogurt,70,989.89,1392.61,credit card,BAKERY20,25157 Independence Place,Padamulya,
601,Aurilia Watkinson,6/29/2022,Free-Range Eggs,33,465.35,3501.18,credit card,BAKERY20,65946 Glacier Hill Way,Sang-e Chārak,
602,Dix McClancy,4/30/2022,Pet Travel Backpack Carrier,97,711.71,1038.97,credit card,SALE10,0463 Bellgrove Circle,Xinning,
603,Anthe Gutowski,6/12/2022,Lentil Soup (canned),52,477.34,2280.78,cash,BAKERY20,7406 North Plaza,Chipinge,
604,Egor Hobson,6/14/2022,Bodyweight Resistance Bands,32,595.94,3887.2,cash,HAPPYHOUR,673 North Alley,Banjar Pangkungkarung Kangin,
605,Cristionna Ghelardi,9/18/2022,Jalapeño Cornbread,31,769.6,3082.2,cash,HAPPYHOUR,033 Fisk Lane,Longping,
606,Christiane Martin,8/28/2022,Water Bottle with Built-in Fruit Infuser,23,353.67,324.5,cash,SALE10,685 Cordelia Point,Krajan Tegalombo,
607,Monica Aicken,9/1/2022,Insulated Sport Tumbler,55,724.21,4726.25,credit card,SALE10,6662 Grim Place,Berlin,10587
608,Charmian Muckersie,6/24/2022,Home Karaoke System,60,817.54,8439.56,credit card,BAKERY20,18389 Superior Point,Detroit,48242
609,Tansy Tettley,12/8/2022,Puffed Rice Cake,56,624.18,6839.85,credit card,BAKERY20,1 Roth Way,Gondomar,4800-198
610,Rowena Proudley,11/6/2022,Chic Jumpsuit,48,13.61,8310.37,cash,BAKERY20,47 Brentwood Drive,Zomba,
611,Shalne Juorio,1/1/2022,Multi-Purpose Marine Rope,4,863.15,512.28,credit card,SALE10,39397 Corben Way,Clichy,92613 CEDEX
612,Jane Wormell,1/17/2022,Window Bird Feeder with Suction Cups,100,507.25,7982.07,cash,SALE10,422 Drewry Court,Futang,
613,Amargo Prescot,11/19/2022,Wireless Charger,52,617.53,5725.43,mobile payment,SALE10,1 Morning Center,Jin’e,
614,Piotr Milier,2/9/2022,Fishing Tackle Box,47,374.76,9768.09,credit card,SALE10,8682 School Circle,Mengjia,
615,Gisela Witsey,4/22/2022,Homestyle Chicken Noodle Soup,86,562.71,872.97,cash,BAKERY20,92512 Monica Point,Pinhal Novo,2955-004
616,Odey Prestwich,4/11/2022,Electric Rice Cooker,41,773.2,7608.23,credit card,SALE10,38 West Alley,Angoram,
617,Winifred O'Shavlan,8/21/2022,Kids' Dinosaur-Themed Lunchbox,14,424.09,2598.47,credit card,HAPPYHOUR,78 Milwaukee Point,Cipolletti,8324
618,Sheeree Riche,6/14/2022,Children's Educational Puzzle,18,223.53,5470.3,cash,HAPPYHOUR,641 Moland Junction,Rožna Dolina,5297
619,Carmelia Beldam,3/17/2022,Multi-Function Meat Tenderizer,74,15.11,4433.56,mobile payment,BAKERY20,7 Bay Circle,Sykiés,
620,Greggory Getch,12/3/2022,Smart Plug,20,924.26,1732.06,cash,BAKERY20,89207 Clove Alley,Margasari,
621,Charlena Coggen,5/22/2022,Peach & Mango Salsa,70,969.44,1516.69,credit card,BAKERY20,0808 Roth Pass,Vypolzovo,171053
622,Carlota Fick,6/21/2022,Hiking Boots,39,336.09,1435.62,credit card,HAPPYHOUR,1630 Portage Crossing,Pagaruša,
623,Travers Divver,4/5/2022,Digital Drawing Tablet,72,837.57,4175.02,credit card,SALE10,75 Sunnyside Circle,Gardawice,44-246
624,Florie Dann,3/21/2022,Pork Tenderloin,83,868.86,7214.32,cash,SALE10,62245 David Circle,Dois Vizinhos,85660-000
625,Alfred Danslow,7/2/2022,Outdoor Picnic Blanket,22,704.98,3402.67,mobile payment,SALE10,80 Superior Avenue,Fengshan,
626,Ephrem Goodge,11/17/2022,Golf Polo Shirt,39,930.48,9200.73,mobile payment,HAPPYHOUR,59 Hanson Parkway,Muikamachi,990-0054
627,Glory Colvill,6/16/2022,Wireless HDMI Receiver,38,110.18,5836.44,mobile payment,SALE10,492 Shelley Hill,Jabal os Saraj,
628,Robbert Carp,1/21/2022,Chocolate Hazelnut Spread,43,68.01,250.36,credit card,BAKERY20,9 Cody Avenue,Sada,97640
629,Janis Imlacke,3/9/2022,Oven-Baked Sweet Potato Fries,57,106.48,9589.81,cash,HAPPYHOUR,2316 Steensland Court,Cicapar,
630,Job Donner,3/2/2022,Lentil Vegetable Stew,19,498.67,2987.93,mobile payment,HAPPYHOUR,9 Hudson Avenue,Dongqu,
631,Ashlan Pettko,9/20/2022,Peach Preserves,42,464.35,3519.1,mobile payment,HAPPYHOUR,38549 Bobwhite Hill,Maundai,
632,Wakefield Hyndson,7/15/2022,Portable Phone Mug Holder,1,157.83,3320.37,mobile payment,BAKERY20,28326 Mandrake Hill,Zharkovskiy,172460
633,Ania Bligh,6/9/2022,Chilli Lime Corn on the Cob,23,583.74,7029.97,credit card,BAKERY20,63 Kennedy Park,Phú Túc,
634,Dame McCawley,1/12/2022,Coffee Capsule Dispenser,82,518.2,1217.83,mobile payment,SALE10,53 Garrison Way,Sindangsari,
635,Cherrita Persehouse,9/11/2022,Dark Chocolate Covered Raisins,63,559.14,3500.96,credit card,SALE10,549 Eastwood Way,Benjamin Constant,69630-000
636,Lars Oldaker,7/21/2022,Customizable Name Puzzle,40,607.26,8123.65,credit card,SALE10,1 Meadow Valley Point,Inriville,2587
637,Cathrine Adair,12/30/2022,Mini Electric Kettle,65,61.21,7315.79,mobile payment,HAPPYHOUR,71 Declaration Hill,Paitan,9801
638,Sophia Wey,6/23/2022,French Bread,62,416.83,5067.49,mobile payment,HAPPYHOUR,25 Twin Pines Court,Tembau,
639,Waverly Chatell,8/30/2022,Electric Griddle with Lid,11,247.7,3227.91,mobile payment,BAKERY20,7 Schmedeman Court,Nyakhachava,
640,Tana Petracek,11/1/2022,Adjustable Dog Harness,20,621.83,6423.9,cash,SALE10,554 Chinook Terrace,Stockholm,111 61
641,Cleveland Aickin,10/5/2022,Stainless Steel Cutlery Set,40,110.14,3995.26,mobile payment,SALE10,4342 Atwood Court,Kyoto,612-8447
642,Netta Silber,5/23/2022,Kettle Chip Variety Pack,10,395.85,5621.97,mobile payment,SALE10,46519 Anzinger Trail,Qianqiao,
643,Larine Matthews,9/14/2022,Patterned Knit Scarf,83,700.83,7367.75,mobile payment,HAPPYHOUR,51 Riverside Pass,Masaya,
644,Cosette McMorran,7/4/2022,Mobile Workbench,42,106.32,1897.85,mobile payment,HAPPYHOUR,1 Esker Circle,Longka,
645,Liam Juster,7/29/2022,Motion Sensor Light,89,75.06,9071.75,cash,BAKERY20,0682 Dryden Court,Shangxian,
646,Lilyan Pacher,8/9/2022,Classic Slim Fit Shirt,88,419.67,5805.39,cash,BAKERY20,19014 Ramsey Alley,Tsuyama,708-1124
647,Alejandra Aguirrezabala,9/9/2022,Bamboo Toothbrush,57,802.22,5220.02,credit card,SALE10,4814 Thackeray Avenue,Albuquerque,87105
648,Cammy Bly,5/21/2022,First Aid Kit,37,897.05,3287.0,credit card,BAKERY20,3 Delladonna Trail,Tandag,8300
649,Eadmund Tansey,4/17/2022,Lentil Soup,77,354.34,1234.29,mobile payment,HAPPYHOUR,1 Little Fleur Center,Taiping,34010
650,Ambrose O'Lenane,10/9/2022,Smart Light Bulbs,71,956.69,241.19,cash,SALE10,85355 Montana Drive,Paris 12,75609 CEDEX 12
651,Ardra Panter,7/5/2022,Basil Tomato Soup,50,791.56,7693.48,mobile payment,BAKERY20,1 Kings Court,Linköping,582 46
652,Pepillo Nazair,5/5/2022,Coconut Milk,4,770.74,9586.31,cash,SALE10,25171 Lyons Center,Jandira,06600-000
653,Leonie Dannell,3/11/2022,Lemon Lime Sparkling Water,7,727.94,9455.88,cash,SALE10,771 Green Ridge Point,Williamsfield,
654,Faina Grishelyov,9/4/2022,Dill Pickle Chips,50,464.96,3897.88,mobile payment,SALE10,4 Kipling Place,Pashkovskiy,385228
655,Marilyn Klaessen,4/3/2022,Rechargeable Electric Toothbrush,8,156.05,5732.35,cash,SALE10,7874 Butterfield Terrace,Bani,2407
656,Twyla Walentynowicz,5/31/2022,Sweet Potatoes (organic),71,111.28,449.58,mobile payment,BAKERY20,22133 Bartillon Street,Shuangmiaojie,
657,Prissie Balmer,3/2/2022,Organic Brown Sugar,27,856.4,6553.78,cash,HAPPYHOUR,07788 Jackson Alley,Sinabang,
658,Olwen Cornilleau,3/8/2022,Pet Training Pads,70,843.59,6738.29,mobile payment,HAPPYHOUR,0224 Pierstorff Park,Tanjungbatu,
659,Marlowe Dallyn,8/8/2022,Smart Plant Monitor,59,230.78,1112.55,credit card,HAPPYHOUR,838 Morningstar Point,Ambilobe,
660,Fulvia Giraths,1/30/2022,Weighted Blanket,39,264.86,5181.29,cash,BAKERY20,768 Shelley Court,Ipoh,30506
661,Clarabelle Callcott,7/20/2022,Oven Mitts with Pocket,14,655.3,1219.89,credit card,SALE10,88385 Holmberg Alley,Kiukasen,
662,Damian Lambart,3/1/2022,Fire Roasted Salsa,5,974.19,4061.31,cash,SALE10,5195 Thierer Way,Jatiprahu,
663,Sadye Lillegard,12/1/2022,Herb Garden Planter Box,26,483.93,7561.93,mobile payment,HAPPYHOUR,71193 Thompson Pass,Derzhavīnsk,
664,Virginie Nequest,3/14/2022,Pet Waterer with Filtration,100,344.67,178.15,mobile payment,BAKERY20,40 Nancy Terrace,Zhengchang,
665,Alfonse Rhys,7/30/2022,Outdoor Mosquito Repellent Lantern,35,638.06,5231.63,mobile payment,HAPPYHOUR,02 Victoria Street,Wenshao,
666,Fielding Hustings,8/25/2022,Wireless HDMI Transmitter,11,659.28,1512.35,mobile payment,SALE10,80 Mendota Crossing,Novi Zagreb,10020
667,Dorothea Sevitt,2/3/2022,Cucumber Lime Sparkling Water,90,758.96,7566.26,cash,HAPPYHOUR,584 Elgar Crossing,Mỏ Cày,
668,Danit Huckfield,8/29/2022,Pumpkin Waffles,48,455.68,3906.66,credit card,HAPPYHOUR,9 Larry Street,Thākurgaon,1341
669,Leicester Chaston,9/9/2022,Savory Oats,25,222.98,5149.14,mobile payment,HAPPYHOUR,5298 Manufacturers Way,Oeiras,2780-005
670,Francoise Nickerson,9/28/2022,Buffalo Sauce,84,88.95,5930.91,credit card,HAPPYHOUR,8 Melody Point,Ya’erya,
671,Michaelina Noir,11/11/2022,Compact Shoe Rack,100,420.01,5263.23,cash,BAKERY20,6744 Annamark Court,Kihancha,
672,Viviene Renfrew,1/28/2022,Tattoo Kit,2,339.22,9590.74,credit card,BAKERY20,10 Upham Lane,Lobito,
673,Persis Bransby,2/19/2022,Chocolate Hazelnut Granola,43,448.51,8668.85,cash,SALE10,79498 Clarendon Point,Kintinku,
674,Kelli Brettell,4/6/2022,Electric Fondue Pot,38,823.66,9563.57,credit card,SALE10,7318 Monica Avenue,Alistráti,
675,Sonnie Durbann,3/20/2022,Portable Laptop Table,97,660.8,7203.23,cash,HAPPYHOUR,2647 Hagan Crossing,Dërmënas,
676,Nikolos Picton,4/25/2022,Grilled Vegetable Medley,78,161.98,283.1,cash,HAPPYHOUR,37 Grover Parkway,Bomadi,
677,Sunny Chilver,1/4/2022,LED Table Lamp,44,958.17,440.63,credit card,SALE10,8565 Russell Circle,Gantang,
678,Elvin Bates,10/5/2022,Spinach and Cheese Stuffed Shells,23,92.79,6856.15,cash,SALE10,2379 Sommers Street,Hiroshima-shi,736-0089
679,Andres Ashe,10/11/2022,Personal Blender with Cups,5,813.83,4284.58,mobile payment,HAPPYHOUR,88 Pennsylvania Drive,Vila Franca da Beira,3405-605
680,Kerry Ide,3/24/2022,Personal Blender with Travel Cup,94,773.99,244.98,credit card,SALE10,7 7th Lane,Nukuoro,
681,Nessa Acreman,11/7/2022,Strawberry Banana Smoothie Pack,12,40.12,1216.16,mobile payment,HAPPYHOUR,06 Twin Pines Hill,Banjar Baleagung,
682,Lucita Durden,11/26/2022,Ribbed Knit Dress,40,355.54,8955.3,credit card,HAPPYHOUR,0497 Northview Avenue,Yambio,
683,Quintina Skoof,4/22/2022,Crispy Potato Tots,77,417.97,4123.84,cash,SALE10,7503 Larry Park,Maramag,8714
684,Sherlocke Grouse,12/19/2022,Cinnamon Raisin Bagels,25,717.17,2210.0,cash,SALE10,22864 Dahle Avenue,Pyra,606055
685,Bendite Absolom,12/22/2022,Portable Grill Cover,57,201.58,6190.88,cash,BAKERY20,18 Anzinger Hill,Laocheng,
686,Noel Statefield,9/1/2022,Honey-Balsamic Vinaigrette,54,602.85,8813.01,mobile payment,SALE10,4162 Dakota Place,Cantagallo,135067
687,Winifred Sollas,7/24/2022,Electric Opener for Jars and Bottles,71,960.44,1142.43,mobile payment,BAKERY20,207 Acker Center,Eg,
688,Garner Keays,8/10/2022,Chewy Granola Bars,23,790.11,4242.88,mobile payment,HAPPYHOUR,29 Vermont Way,Gornji Petrovci,9206
689,Andrea Schneidar,1/30/2022,Balsamic Vinaigrette,75,923.97,7236.01,credit card,BAKERY20,5 Park Meadow Drive,Daigo,960-0645
690,Dolf MacVicar,5/21/2022,Cucumber Lime Sparkling Water,62,942.19,2752.83,credit card,SALE10,2877 Pleasure Street,Tomakivka,
691,Shaylyn Jozef,6/24/2022,Coconut Milk Ice Cream,86,777.11,9463.76,credit card,HAPPYHOUR,6573 7th Alley,Sundawenang,
692,Ddene Halladay,12/3/2022,Handheld Shower Head,80,162.57,4191.44,cash,HAPPYHOUR,4625 Melvin Junction,Bako,
693,Shayla Ciric,7/8/2022,Suede Ankle Booties,72,582.48,7095.54,credit card,HAPPYHOUR,06 Killdeer Alley,George Town,
694,Bunny McPhilip,12/24/2022,Electric Razor,40,65.6,4969.21,mobile payment,BAKERY20,2 Grover Crossing,Machado,37750-000
695,Dacie O'Donegan,2/2/2022,High-Pressure Handheld Shower Head,51,183.27,8713.61,credit card,HAPPYHOUR,422 Anniversary Road,Arnhem,6824
696,Shauna Parres,3/23/2022,Noise Reduction Headphones,1,574.19,120.6,mobile payment,HAPPYHOUR,34 Spaight Plaza,Ivanteyevka,142139
697,Sherwin Bucklee,12/2/2022,Spinach and Cheese Stuffed Shells,28,80.07,5710.79,mobile payment,SALE10,0086 Scofield Terrace,Cajati,11950-000
698,Jule Deniseau,10/22/2022,Savory Rice Cakes,46,937.12,5345.68,mobile payment,SALE10,6851 Oriole Road,Verdizela,2855-609
699,Suzi Bardnam,11/25/2022,Salsa Verde,43,366.11,2632.46,cash,SALE10,073 Mayer Way,Rogóźno,86-318
700,Wang Garwill,2/7/2022,Sporty Cap,73,177.35,2559.53,credit card,SALE10,9 American Ash Street,Svetlyy,238548
701,Lenette Townby,5/3/2022,Ice Cream Maker,99,337.58,788.83,mobile payment,HAPPYHOUR,09 Mcbride Plaza,Ilagan,3300
702,Janetta Randalson,3/16/2022,Beef Tacos,100,278.27,8074.49,credit card,HAPPYHOUR,7237 Crest Line Place,Lysyanka,
703,Gus Alker,6/23/2022,Free-Range Eggs,65,735.64,2295.19,credit card,BAKERY20,8441 East Place,Milanówek,05-822
704,Carmine Follis,1/6/2022,Creamy Garlic Dressing,2,745.01,6297.62,credit card,SALE10,33240 Sugar Avenue,Ingarö,134 61
705,Luca Trusty,5/8/2022,Portable Speaker Stand,79,504.92,3376.62,mobile payment,HAPPYHOUR,52953 Grasskamp Road,Uchaly,453703
706,Killie Beharrell,10/20/2022,Handmade Leather Wallet,20,238.4,3241.13,credit card,SALE10,84206 Kipling Park,Basail,3516
707,Pippy Clausner,3/29/2022,USB Wall Charger,95,982.94,8313.87,mobile payment,HAPPYHOUR,62 Vahlen Road,Kraskino,692715
708,Davis Mattheis,11/13/2022,Garden Hose,56,476.44,4898.19,credit card,SALE10,3823 Meadow Valley Alley,Aleysk,658138
709,Gaby Hischke,3/23/2022,Coconut Milk,30,189.36,9525.9,credit card,HAPPYHOUR,94 Mccormick Terrace,Sugihan,
710,Albertina Sanson,3/20/2022,Herbal Tea Variety Pack,35,646.02,1167.7,cash,HAPPYHOUR,3015 Springs Circle,San Diego,
711,Licha Canada,4/13/2022,Electric Screwdriver,84,731.01,5475.18,credit card,HAPPYHOUR,10602 Meadow Ridge Center,Padurung,
712,Kassandra Seymer,3/5/2022,Rice Pilaf Mix,62,721.69,4548.51,credit card,HAPPYHOUR,27299 Northview Lane,Colmeal,3070-094
713,Murvyn Danielkiewicz,8/1/2022,Solar Garden Lights,53,888.24,5829.18,cash,SALE10,32875 Independence Lane,Luleå,973 41
714,Scarface Merington,11/14/2022,Cauliflower Crust Pizza,52,177.4,1925.75,cash,SALE10,61018 Roth Lane,Andamui,
715,Dougie Cruess,6/11/2022,Honey Garlic Chicken,48,321.87,1079.58,mobile payment,BAKERY20,8 Corscot Parkway,Nartkala,361336
716,Levy Morston,11/3/2022,Wrap Front Midi Skirt,77,531.05,7860.68,mobile payment,HAPPYHOUR,62 Dapin Way,Montenegro,633008
717,Daryle Cristofalo,4/29/2022,Maple Pecan Pancake Mix,19,799.76,5242.63,cash,BAKERY20,00326 Fisk Center,Dar es Salaam,
718,Morlee Passie,7/6/2022,Pine Nuts,27,610.39,2511.93,mobile payment,SALE10,54 Riverside Way,Sidaharja,
719,Jorgan Mycock,8/26/2022,Chickpea Salad Deluxe,98,62.14,1603.83,credit card,BAKERY20,99 Wayridge Drive,Toungo,
720,Geri Lawie,5/19/2022,Mini Fondue Set,70,428.37,8792.58,mobile payment,SALE10,57 Dunning Hill,Volkhov,187409
721,Kiel Jeremaes,12/20/2022,Reflective Safety Vest,41,421.97,1631.34,mobile payment,HAPPYHOUR,2 Ryan Crossing,El Progreso,
722,Emlynn Morrant,10/22/2022,Dish Rack,49,320.36,5084.58,mobile payment,BAKERY20,630 Bluejay Place,Peredovaya,352275
723,Ida McDavid,12/20/2022,Portable Pet Bathing Tool,24,365.1,5327.79,mobile payment,BAKERY20,8 Tennessee Way,Tánh Linh,
724,Glenn Fenwick,9/22/2022,High-Pressure Handheld Shower Head,7,859.11,5208.38,credit card,BAKERY20,8450 Pawling Avenue,Alor Setar,05516
725,Raymond Edgeler,8/20/2022,Stuffed Peppers with Quinoa,51,241.97,4875.45,cash,SALE10,6112 Onsgard Court,Bubullimë,
726,Augustin Ickovicz,7/13/2022,Chipotle Black Bean Salad,55,317.73,6196.65,cash,HAPPYHOUR,6222 Hermina Circle,Al Qaţīf,
727,Harald Bennington,2/4/2022,Garden Kneeler and Seat,78,462.32,9967.98,mobile payment,SALE10,3627 Fallview Drive,Esperanza,8513
728,Hayden Prendeville,9/2/2022,Cotton Pajama Set,96,441.9,2394.21,cash,HAPPYHOUR,679 Oak Valley Road,Žabljak,
729,Nataniel Philpots,3/11/2022,Pet Travel Bed,14,358.81,6742.98,mobile payment,SALE10,568 Coleman Court,Corozal,705039
730,Mart Cayton,8/16/2022,LED Strip Lights,89,679.71,1858.16,cash,SALE10,3278 Debs Trail,Klimovsk,152014
731,Garnet Braunstein,2/13/2022,Pet Waterer with Filtration,34,605.69,4239.56,cash,SALE10,67097 Helena Center,Iwanai,511-0514
732,Jedd Hallworth,3/23/2022,Self-Massaging Pillow,22,801.21,450.1,credit card,BAKERY20,7986 Scofield Plaza,Bella Vista,9400
733,Zora Alchin,11/19/2022,Chickpea Pasta,78,935.42,4086.28,cash,SALE10,59 Northwestern Park,Polepy,411 47
734,Dewitt Stuckford,5/21/2022,Portable SSD,88,849.37,4278.72,credit card,SALE10,17 Westerfield Court,Pingshui,
735,Amandie Nevitt,6/21/2022,Asian Salad Mix,19,80.94,480.18,cash,BAKERY20,1 Heath Center,Nansan,
736,Samara Goligher,5/23/2022,Garden Vegetable Soup,26,368.87,3951.18,cash,HAPPYHOUR,02559 Forster Circle,Sumbersarikrajan,
737,Jaquith Springham,2/15/2022,Kids' STEM Robotics Kit,61,681.58,2949.6,cash,SALE10,98 Merry Drive,Shanhe,
738,Lira Lehrian,11/23/2022,Waffle Maker,25,96.58,6975.98,mobile payment,SALE10,592 Westridge Plaza,Drawno,73-220
739,Amalle Lyness,9/4/2022,Ceramic Planter Set,41,19.73,1148.6,credit card,HAPPYHOUR,23165 Dennis Lane,Wanga,
740,Kevyn Whorlton,5/2/2022,Watercolor Set,74,947.75,4121.74,credit card,BAKERY20,5 Cardinal Center,Qiaoyi,
741,Myrna Laughtisse,1/11/2022,Kids' Gardening Kit,21,504.35,5563.79,credit card,SALE10,7095 Del Mar Alley,Stare Pole,82-220
742,Indira Duckers,3/2/2022,Compact Folding Table,45,140.28,9288.71,cash,BAKERY20,4 Blaine Point,Jibiya,
743,Codee Santorini,1/4/2022,Pet Leash,21,42.51,7555.0,cash,HAPPYHOUR,34916 Bartelt Crossing,Dunyāpur,59111
744,Durward McJerrow,7/24/2022,Cranberry Lime Sparkling Water,56,944.14,9837.39,cash,HAPPYHOUR,77 Evergreen Pass,Kondinskoye,628210
745,Adolf Fensome,10/2/2022,Herb Seasoned Rice,40,725.93,4335.7,mobile payment,BAKERY20,38 Oxford Crossing,Amiens,80075 CEDEX 1
746,Franklin Carman,12/29/2022,Baked Falafel,81,526.17,4045.19,credit card,SALE10,3 Oriole Court,Esquel,9200
747,Laurice Le Marquand,3/20/2022,Organic Green Lentils,66,370.86,6518.42,mobile payment,SALE10,6 Sutherland Junction,Xiashixiang,
748,Grace Fortune,3/3/2022,Wireless HDMI Transmitter,26,108.74,5181.75,cash,HAPPYHOUR,6358 Norway Maple Parkway,Wakimachi,779-3610
749,Ollie Spur,5/23/2022,Portable Charcoal Grill,65,837.06,6585.32,credit card,HAPPYHOUR,87 Pepper Wood Circle,Tehrān,
750,Delaney Smidmor,3/15/2022,DIY Lip Balm Making Kit,70,880.97,460.7,credit card,HAPPYHOUR,985 Twin Pines Court,Uusikaupunki,23501
751,Dudley Brobeck,7/27/2022,Chocolate Avocado Pudding,13,874.68,9114.0,mobile payment,HAPPYHOUR,9 Russell Park,Västerås,721 57
752,Sloane Mynett,7/16/2022,Honey Mustard Dip,67,440.64,4399.82,credit card,SALE10,63523 Pennsylvania Place,Erping,
753,Enrika Roughey,11/30/2022,Interchangeable Watch Bands,35,723.54,8733.25,credit card,HAPPYHOUR,726 Starling Crossing,Lipno,87-601
754,Lyndsay Anelay,5/22/2022,Strawberry Rhubarb Jam,67,369.32,847.51,cash,SALE10,6 Mayer Place,Linshe,
755,Olag Mathouse,9/6/2022,Wireless Keyboard and Mouse Combo,14,363.56,274.21,cash,HAPPYHOUR,24269 Jana Circle,Makata,
756,Karon Dudill,7/6/2022,Almond Butter Cookies,88,957.73,7891.36,cash,SALE10,10023 New Castle Point,Changping,
757,Perkin Skerratt,1/17/2022,Decorative Throw Pillows,70,542.68,5986.99,cash,SALE10,8 Gulseth Junction,Samanggen,
758,Natale Cranton,8/9/2022,Coloring Books for Adults,79,467.03,4915.94,mobile payment,SALE10,519 Clove Point,Giraldo,057047
759,Lita Wafer,4/1/2022,Canned Sardines,7,105.72,2883.38,cash,SALE10,745 Farmco Center,Plandirejo,
760,Laetitia Keneforde,1/2/2022,Fruit and Nut Bars,61,762.39,1323.52,credit card,SALE10,191 Westridge Point,Miskindzha,368757
761,Corrie Blomefield,4/28/2022,Garlic Parmesan Roasted Potatoes,54,365.74,3372.21,credit card,HAPPYHOUR,7 Hovde Terrace,Jiangbu,
762,Ernest Varfalameev,12/22/2022,Spicy Snack Mix,60,256.56,2140.0,credit card,BAKERY20,68961 Green Ridge Terrace,Nizhneivkino,612091
763,Fields Gumary,3/31/2022,Laptop Backpack,48,941.44,2080.09,cash,HAPPYHOUR,65423 Hazelcrest Place,Tafraout,
764,Olivette Moylan,11/18/2022,Teriyaki Stir-Fry Sauce,89,491.23,4901.09,mobile payment,SALE10,4081 Walton Lane,Carvalhal Redondo,3525-405
765,Vanni Bradneck,7/9/2022,Personal Blender with Cups,82,952.49,649.22,mobile payment,BAKERY20,9 Westerfield Parkway,Isu,
766,Jerald Buddington,10/2/2022,Blueberry Oatmeal Cups,31,314.41,8312.43,cash,HAPPYHOUR,99724 Petterle Circle,Macachín,5561
767,Gay Rallings,2/22/2022,Cheddar Cheese Slices,26,277.76,3922.28,cash,BAKERY20,2 Schmedeman Place,Conroe,77305
768,Lexie Thornborrow,12/17/2022,Organic Honeycrisp Apples,96,198.91,6248.67,cash,SALE10,87 Bunker Hill Street,Agrela,4980-501
769,Sue Richemond,8/31/2022,Italian Sausage and Peppers,5,404.77,8343.62,mobile payment,SALE10,710 Thierer Center,Ngluweng Dua,
770,Mead Mickan,12/12/2022,Californian Raisins,18,977.85,8670.71,cash,SALE10,10 Forest Run Point,Los Angeles,90010
771,Neala Causley,6/11/2022,Peanut Butter Cookies,28,650.04,6878.36,credit card,HAPPYHOUR,8411 Commercial Place,Banquero,3303
772,Mair Tilmouth,4/13/2022,Wall-Mounted Bookshelf,25,59.56,7673.2,mobile payment,HAPPYHOUR,8509 Merchant Drive,Ngô Đồng,
773,Stanley Gamble,7/9/2022,Orange Ginger Vinaigrette,14,372.53,6030.6,cash,BAKERY20,845 Moland Way,Kotauneng,
774,Jobie Heady,3/24/2022,Antique Style Clock,3,25.96,5196.21,credit card,HAPPYHOUR,3047 Novick Terrace,Jiuhua,
775,Cherin Menaul,7/22/2022,Sweet Potato Mash,45,581.75,8603.22,mobile payment,BAKERY20,26 Heath Trail,Xiling,
776,Brody Mousby,2/5/2022,Honey Mustard Dip,89,479.61,7397.94,credit card,BAKERY20,05751 Hagan Junction,Lewolen,
777,Sanson Prise,12/23/2022,Tennis Racket,92,657.51,58.11,mobile payment,HAPPYHOUR,11994 Marquette Point,Polkowice,59-101
778,Stavros Macallam,3/15/2022,Pet Carrier,52,528.17,5882.56,credit card,HAPPYHOUR,35 Crowley Pass,Gunem,
779,Shay Christofe,1/19/2022,Californian Raisins,95,907.11,8805.3,mobile payment,SALE10,279 Veith Way,Shicheng,
780,Roy Musker,4/29/2022,Quinoa Salad,61,534.22,1595.73,mobile payment,BAKERY20,6 Browning Court,Añelo,8305
781,Gibb Merton,5/31/2022,Feta Cheese Crumbles,19,283.84,239.46,cash,BAKERY20,709 Tennessee Lane,Ouangani,97670
782,Tanner Gumery,11/29/2022,Window Bird Feeder with Suction Cups,37,391.32,8777.57,credit card,HAPPYHOUR,197 Haas Terrace,Bojszowy Nowe,43-220
783,Blanche Hargreave,6/20/2022,Oven Mitts with Pocket,50,782.01,6997.65,cash,HAPPYHOUR,25128 Westridge Place,Três Rios,25800-000
784,Roland Le Blanc,9/6/2022,Garden Tool Belt,35,582.26,1906.83,credit card,HAPPYHOUR,203 Bartillon Plaza,Sacramento,94263
785,Terri Cordero,7/9/2022,Sweet Chili Dipping Sauce,40,213.26,7679.59,cash,BAKERY20,0015 Sage Drive,Cayambe,
786,Katharyn Newcombe,9/26/2022,Sweet and Spicy Barbecue Sauce,52,420.71,5800.59,credit card,HAPPYHOUR,3180 Packers Drive,Trinity,
787,Janos Wint,9/28/2022,Travel Mug with Leak-Proof Lid,1,204.91,3424.88,cash,HAPPYHOUR,48987 Continental Crossing,Wenqiao,
788,Brittni Martinez,12/20/2022,Sweet Potato and Chickpea Bowl,45,397.78,3402.21,credit card,SALE10,712 Nancy Trail,Şuwayr,
789,Vickie Rewbottom,8/26/2022,Leather Biker Jacket,22,397.41,7296.38,credit card,HAPPYHOUR,4638 Elgar Parkway,Kawanoechō,799-0412
790,Guilbert Loveguard,3/31/2022,Coffee Grinder,69,970.82,7120.67,cash,HAPPYHOUR,79334 Messerschmidt Court,Rimpakgede,
791,Ronald Sinott,10/28/2022,Sliced Ham,57,983.17,8375.52,credit card,SALE10,122 Schlimgen Place,Hậu Nghĩa,
792,Giffard Crevagh,6/2/2022,Pumpkin Spice Creamer,75,289.05,1228.09,mobile payment,HAPPYHOUR,2677 David Point,KwaMbonambi,3915
793,Liz Buller,3/24/2022,Granola,14,676.73,5254.31,cash,SALE10,9004 Stang Parkway,Dioknisi,
794,Shelagh Perrie,2/16/2022,Grapes (red),59,36.05,783.38,credit card,HAPPYHOUR,57734 Elmside Avenue,Kalepasan,
795,Shena Coffey,12/4/2022,Collapsible Pet Dog Bowl,69,34.21,3677.55,cash,BAKERY20,138 Merry Terrace,Lomé,
796,Lindsay LeEstut,6/26/2022,Ceramic Planter Set,13,709.04,7014.74,cash,HAPPYHOUR,0061 Lunder Parkway,Ar Rifā‘,
797,Babita Benjamin,7/10/2022,Creamy Coleslaw Mix,48,408.6,3699.22,mobile payment,HAPPYHOUR,8283 Lukken Crossing,Vangaži,
798,Marketa Mease,5/30/2022,Balsamic Glazed Brussels Sprouts,73,677.04,354.22,credit card,HAPPYHOUR,86 Dixon Avenue,Haridimun,
799,Hilliary Warton,3/30/2022,Almond Flour Pancake Mix,94,739.9,1490.75,cash,BAKERY20,96361 Everett Circle,Yishui,
800,Yvonne Girk,11/25/2022,Fleece Throw Blanket,24,516.87,9742.33,mobile payment,BAKERY20,49 Lighthouse Bay Road,Tuplice,68-219
801,Merrile Brimacombe,12/3/2022,Robot Vacuum Cleaner,9,904.62,2331.68,mobile payment,HAPPYHOUR,68929 Clarendon Crossing,Todorovo,
802,Anica Neary,2/11/2022,Caramelized Onion Dip,9,816.81,6916.42,cash,SALE10,68447 Jenifer Road,Rochefort,17314 CEDEX
803,Zitella Brayshaw,3/7/2022,Siphon Coffee Maker,34,513.92,5957.47,cash,BAKERY20,293 Del Sol Court,Bonebone,
804,Willamina Montilla,1/24/2022,Dishwasher Safe Cutting Board,44,141.77,5284.64,cash,HAPPYHOUR,0138 Brentwood Parkway,Ręczno,97-510
805,Thomas Stacy,11/30/2022,Electric Food Steamer,98,552.03,8490.9,mobile payment,SALE10,4 Loeprich Crossing,Ganfang,
806,Cleveland Eymor,2/25/2022,Almond Flour Brownies,95,697.03,8986.44,mobile payment,BAKERY20,01161 Harbort Drive,Ferreira do Zêzere,2240-340
807,Kirbie Stiger,3/27/2022,Water Bottle with Built-in Fruit Infuser,83,859.95,1946.17,credit card,HAPPYHOUR,7 Hovde Pass,Jiangwei,
808,Mickey Lindback,12/25/2022,Compact Umbrella,80,166.24,8693.17,mobile payment,BAKERY20,58 Hovde Plaza,Jiuhua,
809,Aloisia Warrender,2/24/2022,Maple Oatmeal,53,239.48,1521.69,credit card,HAPPYHOUR,5 Vernon Trail,Xincheng,
810,Caria Franzelini,12/2/2022,Avocado Oil,36,240.81,3774.05,cash,HAPPYHOUR,96 Vermont Way,Xomong,
811,Jeno Bang,1/5/2022,Digital Photo Frame,69,241.85,9247.48,credit card,BAKERY20,8926 North Junction,Obikiik,
812,Florian Baglan,3/24/2022,Smartphone Photography Tripod,1,163.34,4864.76,mobile payment,SALE10,4357 Dwight Pass,Mengdadazhuang,
813,Deni Yarnell,11/29/2022,Sous Vide Cooker,28,424.89,8639.0,cash,HAPPYHOUR,60 Chinook Alley,Obiaruku Quarters,
814,Nita Balch,11/12/2022,Miso Soup Mix,35,156.1,9519.73,mobile payment,BAKERY20,08 Beilfuss Lane,Radashkovichy,
815,Zedekiah Sunock,5/14/2022,Guitar Tuner,24,970.67,6816.09,cash,SALE10,66 Susan Terrace,Narail,5260
816,Sharona Barajas,2/23/2022,Classic Pesto Sauce,8,748.38,3619.89,cash,SALE10,6 Canary Trail,Néos Skopós,
817,Ingmar Marshal,2/17/2022,Wi-Fi Enabled Smart Light Switch,38,660.2,2174.88,cash,SALE10,7 Haas Plaza,Mabayo,2109
818,Larry Sapsed,4/29/2022,Portable USB-C Monitor,17,533.41,7370.41,credit card,BAKERY20,062 Maywood Terrace,Si Khoraphum,67160
819,Reynard Iacobucci,6/7/2022,Hibiscus Tea Bags,35,466.11,3162.35,credit card,BAKERY20,49 Briar Crest Junction,Kameyama,988-0607
820,Ada Callinan,2/20/2022,Rustic Italian Bread,56,820.14,3379.58,mobile payment,HAPPYHOUR,866 Russell Junction,Pexiligais,2725-619
821,Deirdre McGeachy,5/14/2022,Mobile Workbench,48,637.85,5116.93,mobile payment,SALE10,1 Pleasure Avenue,Zafarwāl,80100
822,Cirillo Fullbrook,12/4/2022,Lentil Soup,25,307.34,5829.7,mobile payment,HAPPYHOUR,2 East Hill,Mégara,
823,Luce Slingsby,9/26/2022,Chili Lime Seasoning,13,663.69,9157.44,mobile payment,BAKERY20,345 Miller Park,Roissy Charles-de-Gaulle,95711 CEDEX 1
824,Harmonie Holgan,5/20/2022,Spicy Garlic Edamame,65,254.46,6973.61,cash,HAPPYHOUR,0 Prairie Rose Place,San José Acatempa,22016
825,Nita Giorgi,8/20/2022,Nutritional Yeast,71,66.73,8495.2,cash,BAKERY20,6 Montana Point,Firá,
826,Benoit Wederell,4/5/2022,Camping Tent,33,531.02,4800.23,cash,BAKERY20,4003 Oneill Way,Guishan,
827,Patin Cantrell,6/10/2022,Energy Bites,24,56.74,9053.25,cash,BAKERY20,17 Mosinee Pass,Kesheng,
828,Annie Pygott,7/19/2022,Chilli Lime Corn on the Cob,59,747.34,1527.39,cash,BAKERY20,830 Di Loreto Alley,Nauchnyy Gorodok,656910
829,Rhianna Blastock,11/23/2022,Protein Bar Variety Pack,43,561.23,147.27,credit card,HAPPYHOUR,1 Browning Pass,Akashi,950-0084
830,Frederik Mearing,8/4/2022,Frozen Burritos,40,859.44,1297.06,mobile payment,SALE10,822 Reinke Road,Barão de Cocais,35970-000
831,Hesther Naismith,9/21/2022,Black Bean Soup,89,338.68,4023.56,mobile payment,HAPPYHOUR,22 David Road,Maimará,4624
832,Donnie Priditt,12/1/2022,Lightweight Backpacking Tent,67,748.92,5473.78,mobile payment,SALE10,32 Lunder Circle,Lughaye,
833,Herc Westberg,3/1/2022,Spicy Thai Noodles,36,778.74,5086.64,credit card,HAPPYHOUR,7 Morningstar Court,Huainan,
834,Winthrop Vagges,9/20/2022,Adjustable Standing Desk,76,265.66,4420.9,mobile payment,BAKERY20,73 Nobel Parkway,Pariti,
835,Almeria Hebburn,11/26/2022,Floral Wrap Top,47,285.3,1277.34,credit card,SALE10,754 Mccormick Plaza,Stochov,273 03
836,Nickola Ren,8/8/2022,Peach Slices in Syrup,28,934.11,8780.23,cash,SALE10,8823 Spohn Pass,Karangsonojabon,
837,Nevile Orum,12/7/2022,Italian Sausage Links,30,158.55,8487.52,cash,SALE10,52555 Shopko Crossing,Las Americas,38835
838,Lazare Sloam,1/12/2022,Backpack,40,362.09,685.31,cash,HAPPYHOUR,8255 Tennessee Parkway,Funchalinho,2825-106
839,Clemmy Joddens,10/16/2022,Greek Yogurt,83,449.5,1071.62,mobile payment,BAKERY20,0331 Troy Crossing,Mitry-Mory,77294 CEDEX
840,Marysa Fetters,3/20/2022,Gluten-Free Pancake Mix,15,522.43,3234.73,cash,SALE10,7 Messerschmidt Drive,Zhoukou,
841,Clarice Marguerite,2/21/2022,Garlic Parmesan Wings,41,314.09,2856.39,cash,HAPPYHOUR,3 Oxford Drive,Wenshao,
842,Anallise Lanston,10/9/2022,Foam Roller for Muscle Recovery,58,205.29,7159.79,credit card,SALE10,8 Alpine Place,Maodian,
843,Val Eronie,4/15/2022,Electric Razor,23,444.62,6894.56,credit card,SALE10,2 David Terrace,Baratã,2725-191
844,Franz Crawshaw,4/17/2022,Children's Backpack,25,847.47,3241.98,credit card,BAKERY20,5249 Dahle Trail,Chantal,
845,Doralyn Conyer,2/11/2022,Cauliflower Crust Pizza,30,636.48,5102.9,mobile payment,HAPPYHOUR,0089 Westerfield Circle,Darenzhuang,
846,Charline Swinden,12/2/2022,Eco-Friendly Yoga Blocks,1,636.52,3054.41,cash,HAPPYHOUR,84 Hagan Parkway,Wangren,
847,Cathryn Druery,1/29/2022,Board Game Storage,37,784.36,1392.54,credit card,HAPPYHOUR,6294 Bartillon Crossing,Qiaoxi,
848,Jess Tremathack,7/1/2022,Zucchini Noodle Pasta,38,20.08,9983.05,credit card,SALE10,80630 Trailsway Terrace,Longfeng,
849,Patty Coyle,12/2/2022,Chocolate Coconut Protein Balls,45,879.33,7992.18,cash,SALE10,36747 Carpenter Crossing,Sicamous,G2L
850,Nathaniel Fossitt,7/4/2022,Organic Quinoa Chips,95,912.32,5033.43,credit card,BAKERY20,4 Holy Cross Trail,Briey,54154 CEDEX
851,Stephannie Pittem,10/15/2022,Organic Coconut Water,26,182.9,5129.31,mobile payment,BAKERY20,5558 Mayer Parkway,Machetá,250848
852,Ester Rowberry,12/24/2022,Dual Function Electric Skillet,38,554.07,7916.09,mobile payment,SALE10,75 Acker Alley,Taposan,
853,Rustin Early,3/14/2022,Non-Stick Grill Pan,74,797.66,7679.09,mobile payment,HAPPYHOUR,35 Bashford Circle,Turbo,057869
854,Tasia Hillan,10/16/2022,Air Purifier,24,136.63,5372.01,mobile payment,HAPPYHOUR,8755 Basil Avenue,Jalanbaru,
855,Roldan Foad,5/22/2022,Chipotle Black Bean Salad,17,426.46,2025.52,mobile payment,SALE10,399 Vahlen Road,Tawaramoto,639-1156
856,Albertine Liff,6/20/2022,Fashionable Fanny Pack,12,329.51,8770.33,credit card,HAPPYHOUR,0 Sheridan Lane,Iḩsim,
857,Barr Ashwin,8/6/2022,Customizable Wall Calendar,13,959.9,2752.96,credit card,BAKERY20,46379 Elka Park,Brades,
858,Nertie Cady,2/10/2022,Pet Grooming Kit,26,315.93,3249.19,cash,BAKERY20,06635 Village Junction,Al Mazra‘ah,
859,Irma Gorges,8/17/2022,Smart Light Switch,35,276.07,3111.45,cash,BAKERY20,370 Briar Crest Way,Donglinxi,
860,Trula MacCombe,3/16/2022,Whole Grain Hamburger Buns,83,128.09,9208.64,credit card,HAPPYHOUR,26193 Meadow Valley Alley,Pakel,
861,Sara-ann Crowther,3/31/2022,Reflective Safety Vest,28,776.79,6768.89,mobile payment,SALE10,52 Pearson Avenue,Cabodiongan,3122
862,Ilyse Grimsditch,12/3/2022,Maple Bacon Jerky,44,68.37,2837.22,cash,HAPPYHOUR,92561 Barby Drive,Abang,
863,Dorian Duggen,3/9/2022,Applewood Smoked Bacon,95,916.23,7272.91,mobile payment,SALE10,5 Dixon Trail,Ḩarf al Musaytirah,
864,Lincoln Winslow,4/20/2022,Wall Art,60,400.85,2346.31,mobile payment,SALE10,9 Oak Parkway,Bantian,
865,Helen-elizabeth Stellin,8/15/2022,Electric Egg Cooker,32,289.02,7366.56,mobile payment,BAKERY20,14208 Dwight Alley,Bendorubuh,
866,Tiffani Jeram,11/8/2022,USB Desk Fan,63,392.75,9326.46,mobile payment,SALE10,65 Atwood Place,Kameoka,992-0321
867,Baldwin Tirte,9/3/2022,Dark Chocolate Raisins,20,604.06,8999.07,mobile payment,SALE10,10384 Towne Lane,Sumberngerjat,
868,Gertrud Hawsby,9/11/2022,Vegan Protein Powder,67,237.97,9399.12,credit card,SALE10,658 Londonderry Crossing,Castanheira de Pêra,3280-011
869,Devora Maycock,2/25/2022,Apple Juice,21,322.83,7803.72,credit card,BAKERY20,2 Straubel Park,Habana del Este,
870,Bev Kellie,12/19/2022,Magnetic Phone Car Mount,78,262.89,1931.06,credit card,BAKERY20,0 Norway Maple Center,Hanyū,374-0055
871,Amelina Antos,10/12/2022,Coconut Cream Pie Yogurt,83,221.14,6823.58,credit card,SALE10,8412 Melby Avenue,Shchūchīnsk,
872,Chiarra Dilawey,7/8/2022,Chicken Sausage,97,532.1,5380.03,cash,SALE10,32050 High Crossing Hill,Mākū,
873,Sabrina Girardeau,1/19/2022,Yoga Wheel,69,909.41,2479.64,mobile payment,HAPPYHOUR,9 Ridgeway Hill,Zebrzydowice,43-410
874,Chaunce MacIver,7/31/2022,Tailored Blazer,40,152.15,9695.15,cash,HAPPYHOUR,0 Hanson Pass,Laval,53009 CEDEX
875,Ginger Cortnay,10/11/2022,Pineapple Coconut Yogurt,99,582.79,8683.07,mobile payment,BAKERY20,74680 Hermina Plaza,Bruzual,
876,Clim Stiggles,3/14/2022,Lemon Garlic Marinade,61,71.37,9160.82,credit card,SALE10,6 Pond Street,Maisí,
877,Tristan Betke,2/6/2022,Fettuccine Alfredo Dinner Kit,35,323.56,4821.61,credit card,BAKERY20,09625 Forest Park,Ishikawa,960-1476
878,Fernanda California,9/13/2022,Laundry Detergent,86,257.4,3407.85,mobile payment,HAPPYHOUR,4857 Claremont Trail,Villa del Rosario,541038
879,Mendel Bail,1/31/2022,Grapes (red),44,109.59,7698.49,cash,HAPPYHOUR,8 Orin Circle,Gardinovci,
880,Alejoa Nordass,10/30/2022,Folding Pocket Knife,15,153.33,2338.35,credit card,BAKERY20,88340 Kipling Point,Fresnes,94264 CEDEX
881,Zachery Geekie,9/9/2022,Puzzle 3D Model Kit,100,278.16,853.13,mobile payment,HAPPYHOUR,01 Florence Place,Malakal,
882,Horst Elener,10/19/2022,Adjustable Resistance Bands,72,963.03,101.75,cash,BAKERY20,6 Weeping Birch Way,Zubtsov,172318
883,Carol-jean Whitlow,9/20/2022,Peach Green Tea,17,669.19,5961.69,credit card,SALE10,269 Walton Parkway,Besisahar,
884,Dex Wickling,6/5/2022,Smart Water Bottle with Hydration Reminder,86,25.23,9440.77,mobile payment,SALE10,7 Marcy Plaza,Jinglou,
885,Melody Castan,12/7/2022,Smart Water Bottle,75,145.91,8125.05,cash,HAPPYHOUR,20825 Ronald Regan Park,Usevia,
886,Gallard Flower,4/27/2022,Handmade Leather Journal,97,623.64,2623.03,credit card,BAKERY20,9 Lakewood Gardens Trail,Stari Grad,21460
887,Millisent Luipold,3/22/2022,Silicone Baking Mat,64,545.45,9841.01,credit card,SALE10,6597 Morrow Alley,Na Muen,55180
888,Amii Hellyer,3/31/2022,Herb Garden Planter Box,49,236.25,6794.89,cash,BAKERY20,4 Wayridge Avenue,Buenavista,39250
889,Rusty McCaw,2/9/2022,Creamy Garlic Mashed Potatoes,54,119.93,8373.91,credit card,SALE10,555 Donald Park,Kastélli,
890,Noland Roj,11/22/2022,Sweet and Spicy Barbecue Sauce,76,844.2,7246.33,credit card,SALE10,8056 Lukken Place,Gaoxiang,
891,Geordie Treace,4/11/2022,Sriracha Honey Glaze,95,405.29,5839.75,cash,HAPPYHOUR,217 Badeau Street,Oxelösund,613 38
892,Mollie Stubs,3/18/2022,Wrist Support Brace,64,53.01,984.34,cash,HAPPYHOUR,8052 Fair Oaks Crossing,Lab,
893,Clementina Milliere,12/30/2022,Wall Calendar,43,973.91,6905.79,mobile payment,BAKERY20,0632 Ilene Park,Santa Ana,
894,Jecho Iorio,4/8/2022,Avocado Oil,44,15.71,3170.49,cash,SALE10,7107 Mesta Drive,Dasht-e Archī,
895,Flynn Cammack,9/13/2022,Almond Butter Granola Bars,27,647.01,7345.63,mobile payment,BAKERY20,32 Thompson Park,Taocun,
896,Cherie Bruins,12/14/2022,Gluten-Free Pancake Mix,29,200.94,5645.6,mobile payment,SALE10,9 Vernon Hill,Lokot’,242315
897,Matilde Arpe,3/15/2022,Ricotta Cheese,4,866.66,5267.01,credit card,SALE10,42 Melvin Trail,Laborde,2657
898,Lucienne Shotter,4/9/2022,Baked Potato Chips,35,144.36,2989.84,credit card,SALE10,18 5th Junction,Koltushi,188680
899,Cissy Fomichyov,7/29/2022,Pet Activity Tracker,7,449.8,5022.77,credit card,SALE10,674 Hovde Trail,Chokwé,
900,Alec Knevett,6/13/2022,Ceramic Cookware Set,94,854.1,4851.68,cash,SALE10,67479 International Avenue,Bukavu,
901,Bibi Rubica,1/20/2022,Ginger Turmeric Tea,97,695.11,4592.31,credit card,SALE10,056 Carberry Court,Nizui,
902,Northrop Shobrook,9/4/2022,Canned Black Beans,10,33.3,1121.05,mobile payment,SALE10,4068 Crownhardt Trail,Zabukovica,3302
903,Darbie Drysdale,6/16/2022,Fridge Magnet Set,59,127.82,686.1,credit card,HAPPYHOUR,2301 Express Way,Heling,
904,Madelaine Halsall,10/12/2022,Homestyle Beef Stew,76,555.43,2918.22,credit card,SALE10,16177 Knutson Alley,Kamenka,692608
905,Ferguson MacAlees,10/26/2022,Memory Foam Pillow,4,246.58,6059.08,mobile payment,BAKERY20,4417 Kings Way,Bobigny,93017 CEDEX
906,Babbie Riding,6/16/2022,Cat Tree with Scratching Posts,5,482.75,723.01,mobile payment,HAPPYHOUR,669 Dryden Park,Kuala Lumpur,50943
907,Libbie Plitz,1/6/2022,Maple Oatmeal,26,662.5,9353.99,credit card,BAKERY20,3129 Springview Junction,Rouen,76040 CEDEX
908,Joana Burdon,11/18/2022,Wall Planner,55,43.77,6158.59,cash,HAPPYHOUR,87 Fallview Parkway,Nan’an,
909,Teddy Waddilove,11/14/2022,Pesto Pasta Sauce,12,14.15,4175.49,mobile payment,BAKERY20,07600 Bay Terrace,Qinggang,
910,Tine Coatsworth,12/10/2022,Portable Camping Shower,19,963.65,7363.19,mobile payment,SALE10,65246 Saint Paul Court,Staryy Krym,
911,Findley McIlmorow,7/27/2022,Reusable Silicone Food Storage Bags,74,395.79,8282.99,cash,HAPPYHOUR,668 Lien Center,Pereiras,4620-073
912,Fairlie Turone,8/25/2022,Low-Fat Cottage Cheese,46,626.66,4456.48,mobile payment,SALE10,2353 New Castle Road,Xishiqiao,
913,Anton Andover,9/8/2022,Mediterranean Couscous Salad,38,538.17,4792.64,mobile payment,HAPPYHOUR,0196 Sherman Lane,Lunec,2430
914,Ahmad Petz,2/18/2022,Sweet Chili Sauce,51,651.92,9580.8,cash,SALE10,859 Evergreen Circle,Stodolishche,216471
915,Griz Jupe,2/21/2022,Self-Cleaning Cat Litter Box,63,282.87,4319.54,mobile payment,HAPPYHOUR,17 Shoshone Terrace,Ferkessédougou,
916,Melisa Dudney,1/11/2022,Kids' Outdoor Explorer Kit,83,402.89,3509.21,cash,BAKERY20,11566 Petterle Drive,Špišić-Bukovica,33405
917,Imogen Leythley,12/14/2022,Screen Cleaning Kit,96,296.95,2316.38,mobile payment,BAKERY20,635 Westend Alley,Mingfeng,
918,Cletis Maxstead,8/29/2022,Chocolate Dipped Fruit,62,169.69,1922.8,credit card,HAPPYHOUR,9 Anniversary Way,Mwene-Ditu,
919,Perice Fitzpatrick,1/21/2022,Wine Decanter,18,279.03,4754.75,cash,SALE10,91 Farragut Park,Baoquanshan,
920,Marabel Vasyanin,8/16/2022,Collapsible Pet Dog Bowl,50,647.17,2182.93,cash,SALE10,4 Colorado Place,Ra-ngae,96130
921,Francis Haggidon,6/21/2022,Crispy Kale Chips,64,347.22,5192.78,credit card,HAPPYHOUR,08850 Dwight Trail,Ust’-Uda,666395
922,Estevan Mayston,9/22/2022,Children's Educational Workbook,99,748.54,1816.32,credit card,BAKERY20,04 Nelson Street,Riberalta,
923,Blanche Blencoe,6/21/2022,Solar Garden Lights,7,731.15,5684.34,mobile payment,SALE10,9 Goodland Court,Gan Yavne,
924,Ade Dalmon,10/8/2022,Tuscan Bean Soup,50,793.06,7102.13,cash,SALE10,6 Almo Terrace,Olds,T4H
925,Selina Bowdler,1/5/2022,Wooden Blocks,34,404.05,6192.06,mobile payment,BAKERY20,26 Moulton Drive,Corcuera,5514
926,Stavro Hryniewicki,6/17/2022,Mediterranean Couscous Salad,84,935.28,1970.4,cash,BAKERY20,0 Burning Wood Hill,Qianzhou,
927,Malva Shearwood,4/7/2022,Maple Bacon Jerky,52,859.34,8342.26,credit card,SALE10,7483 Portage Crossing,Cangkuang,
928,Nickolas Carman,3/13/2022,Low-Fat Yogurt,13,783.34,6530.77,credit card,SALE10,698 Blaine Pass,Mekele,
929,Allene Gilardengo,10/18/2022,Blueberry Muffin Mix,6,336.4,1945.28,cash,BAKERY20,92267 Tennessee Circle,Kota Kinabalu,88817
930,Ann-marie Pinchback,5/30/2022,Lemon Herb Quinoa,49,137.21,4903.45,mobile payment,SALE10,9376 Loeprich Court,Nishinomiya-hama,663-8234
931,Giulia Lasseter,11/19/2022,Kids' Art Supplies Kit,92,1.41,6266.25,cash,BAKERY20,86815 Artisan Junction,Danao,6344
932,Margi Domsalla,9/16/2022,Apple Cinnamon Breakfast Muffins,96,666.97,895.84,credit card,SALE10,952 Oneill Parkway,Pruszcz,86-120
933,Maribeth Poltone,12/19/2022,Noise Cancelling Ear Muffs,4,708.74,4396.62,cash,BAKERY20,571 Delladonna Terrace,Mokil,
934,Bealle Stenhouse,1/31/2022,Portable Massage Gun,89,306.82,6168.91,cash,BAKERY20,8693 Milwaukee Trail,Krzczonów,32-435
935,Ianthe Trigg,2/8/2022,Fitness Tracker Band,68,260.04,7562.29,credit card,SALE10,03 Northwestern Lane,Xiaojin,
936,Manya Kimbling,8/14/2022,Safety Goggles,84,409.74,953.83,credit card,HAPPYHOUR,2080 Sundown Pass,Bolotnoye,633343
937,Lindsey Grimsditch,5/14/2022,Weighted Jump Rope,26,103.27,8559.63,credit card,SALE10,0814 Kedzie Terrace,Kavadarci,1430
938,Lanita Bere,10/9/2022,Mango Chilli Sauce,67,922.93,7217.91,mobile payment,BAKERY20,81 Northfield Center,Cemara,
939,Terrye Blest,8/20/2022,Chocolate Chip Energy Balls,81,981.49,5708.51,credit card,HAPPYHOUR,755 Lakeland Park,Nový Bor,473 01
940,Eugenia Turpey,3/11/2022,Fitness Mat,1,182.93,6401.68,cash,HAPPYHOUR,743 Sunfield Point,Alaverdi,
941,Cathyleen Dady,4/2/2022,Red Lentils,73,898.31,8902.26,mobile payment,HAPPYHOUR,8838 Grim Drive,Taixi,
942,Antonella Poate,2/3/2022,Silicone Baking Cups,87,98.7,7305.43,mobile payment,BAKERY20,2 Merry Junction,Bayonne,64109 CEDEX
943,Isador Sheron,3/20/2022,Fishing Rod,38,348.55,4229.44,cash,SALE10,7 Chive Crossing,Velikiy Ustyug,162399
944,Blythe Dufour,2/10/2022,Personal Blender with Travel Lid,96,278.08,9561.8,credit card,HAPPYHOUR,6 Daystar Drive,Geita,
945,Corney Manchester,6/24/2022,Oven-Baked Sweet Potato Fries,3,587.12,8099.69,mobile payment,BAKERY20,3648 Montana Crossing,Renhe,
946,Daria Zanelli,11/29/2022,LED Desk Light,37,423.96,6541.72,credit card,SALE10,147 Farragut Crossing,Tanahwulan,
947,Hedvige ducarme,12/16/2022,Magnetic Phone Case,78,167.52,9751.29,credit card,BAKERY20,547 Dottie Road,La Paz,71161
948,Margaux Barltrop,4/27/2022,Spicy Tuna Sushi Kit,88,679.7,8695.08,mobile payment,SALE10,2 Northview Terrace,Hougang,
949,Alvan Crocetti,2/15/2022,Chocolate Covered Pretzels,67,16.23,9202.15,cash,BAKERY20,46 Dennis Center,Majie,
950,Clive Summerfield,7/27/2022,Bamboo Memory Foam Pillow,81,699.61,7863.1,mobile payment,HAPPYHOUR,02967 Arrowood Pass,Boden,961 86
951,Clevey Dorn,3/15/2022,Beef Taco Skillet,26,479.46,7020.07,cash,SALE10,8 Shelley Street,Kema,
952,Bernice Coiley,8/12/2022,Inspirational Wall Art,76,56.34,9642.81,credit card,SALE10,74590 Florence Junction,Paris 09,75318 CEDEX 09
953,Justis Andriesse,2/3/2022,Silicone Baking Mats,76,678.35,3038.78,credit card,HAPPYHOUR,95 Lake View Plaza,Salaza,2211
954,Ciel Cabane,8/26/2022,Wireless Keyboard and Mouse Combo,60,436.83,5193.87,mobile payment,SALE10,050 Vernon Terrace,Bolekhiv,
955,Robers Kasbye,7/4/2022,Vegan Mac & Cheese,72,653.95,3928.66,mobile payment,HAPPYHOUR,89969 Jenifer Center,Araçatuba,16000-000
956,Jonell Grimsdike,12/6/2022,Set of Gardening Gloves with Claws,38,619.36,6937.24,cash,SALE10,356 Farmco Alley,Kampene,
957,Susann Dewis,5/14/2022,Spiced Pumpkin Soup,37,566.53,867.51,cash,HAPPYHOUR,5 Prairie Rose Trail,Budva,
958,Tyne Whitman,8/1/2022,Bluetooth Sleep Headphones,48,319.89,4837.27,mobile payment,SALE10,0 Mosinee Parkway,Akriní,
959,Shandee Salsberg,8/26/2022,Herbal Tea Variety Pack,76,325.27,1498.33,credit card,HAPPYHOUR,92816 Arkansas Point,Porto Feliz,18540-000
960,Diandra Tabourel,7/8/2022,Garlic Butter Sauce,23,926.9,5414.95,mobile payment,BAKERY20,78 Rutledge Court,Yashao,
961,Tammie Breed,10/19/2022,Ready-to-Eat Chili,13,273.58,4169.26,mobile payment,SALE10,073 Chinook Drive,Krugersdorp,1933
962,Ariella Bednell,2/15/2022,Chicken Parmesan Dinner Kit,5,696.84,3454.36,credit card,SALE10,8 Annamark Drive,Obrera,96370
963,Ursola Cordrey,8/17/2022,Flavored Rice Cakes,45,780.29,6797.91,credit card,HAPPYHOUR,3265 North Road,Phoenix,85062
964,Dayna Cheer,11/14/2022,Mushrooms,51,547.39,5419.34,cash,SALE10,037 Loomis Parkway,Junín,2152
965,Roxanne Gammade,7/12/2022,Smart Light Switch,43,627.87,4225.9,credit card,HAPPYHOUR,3 Acker Junction,Pyongyang,
966,Nathan Whatling,1/14/2022,Chocolate Chip Cliff Bars,68,278.86,3228.74,cash,HAPPYHOUR,3 Moulton Hill,Oslo,1257
967,Herminia Cordell,4/24/2022,Taro Chips,59,199.4,3587.73,credit card,HAPPYHOUR,38 Gulseth Parkway,Xiashixiang,
968,Micheal Yakhin,5/15/2022,Personal Blender with Travel Lid,7,629.84,215.97,credit card,SALE10,7 Jenna Park,Dongchuan,
969,Bee Gorrick,3/14/2022,Pet First Aid Kit,44,507.3,5499.66,mobile payment,BAKERY20,644 Mesta Circle,Bačka Topola,
970,Roth Sumption,3/12/2022,Spinach Pizza Rolls,62,789.81,6453.05,cash,BAKERY20,16 Kingsford Point,Paarl,7681
971,Cris Dumblton,10/13/2022,Balsamic Glazed Brussels Sprouts,61,938.49,3823.33,mobile payment,SALE10,614 Twin Pines Way,Mulino,606083
972,Wang Hake,3/13/2022,Kettle Corn Popcorn,62,427.52,8354.92,mobile payment,BAKERY20,89775 Park Meadow Pass,Digos,8006
973,Ashla Withringten,12/9/2022,Sesame Seeds,27,259.04,2530.18,mobile payment,SALE10,1029 Hermina Lane,Liangshuijing,
974,Leigha Childerley,11/28/2022,Watercolor Brush Pens,54,482.12,4006.46,credit card,HAPPYHOUR,3 Beilfuss Center,Czarna Dąbrówka,77-116
975,Mathe Saffin,12/23/2022,Smartphone Gimbal,45,927.05,7366.14,mobile payment,SALE10,4 Waxwing Junction,Sumilao,8701
976,Amitie Bluck,8/17/2022,Raspberry Vanilla Greek Yogurt,17,85.69,4214.8,credit card,SALE10,7394 Quincy Drive,Delingha,
977,Archaimbaud Kaminski,2/2/2022,Organic Blueberries,47,642.54,3028.41,cash,BAKERY20,8 Spenser Circle,Lanci Satu,
978,Annamarie Clemow,8/14/2022,Non-Stick Baking Sheet,61,489.5,1053.5,mobile payment,BAKERY20,51 Hanover Plaza,Cusco,
979,Issy Thackwray,5/17/2022,Chocolate Coconut Granola,56,11.26,9624.77,credit card,HAPPYHOUR,1268 Londonderry Crossing,Yantian,
980,Augustin Cano,7/11/2022,Pineapple Salsa,21,400.27,912.17,cash,BAKERY20,488 Farragut Junction,Orsay,91851 CEDEX
981,Evanne Cornau,1/15/2022,Solar Charger,9,823.87,3452.09,mobile payment,HAPPYHOUR,8 Gateway Avenue,Safonovo,184621
982,Buffy Rogeon,9/30/2022,Watering Can with Nozzle,17,564.97,6505.55,credit card,SALE10,8337 Londonderry Parkway,Mandala,
983,Isaak Filochov,2/27/2022,Cinnamon Sugar Popcorn,88,183.51,3196.89,cash,SALE10,75 Butterfield Crossing,Psachná,
984,Carrol Syphas,11/28/2022,Stainless Steel Travel Mug,75,212.37,1301.37,cash,HAPPYHOUR,0 Novick Street,Alejal,9205
985,Northrup M'Quharge,10/13/2022,Chickpea Snack Mix,83,876.47,4090.29,mobile payment,BAKERY20,2 La Follette Alley,Adelaide Mail Centre,5889
986,Rhodie Gabbot,4/12/2022,Spinach and Cheese Stuffed Shells,92,203.43,1426.16,credit card,HAPPYHOUR,4328 8th Crossing,Masaran,
987,Reggie Withnall,5/21/2022,Mobile Workbench,37,698.23,9946.85,credit card,SALE10,4 Red Cloud Park,Rudna Mała,36-062
988,Addison Shulver,1/18/2022,Camping Chair,76,740.79,9852.75,credit card,BAKERY20,72 Cambridge Junction,Colombo,83400-000
989,Jenny Mustchin,4/27/2022,Sweet Corn Fritters,25,58.11,6840.01,cash,HAPPYHOUR,17172 Emmet Terrace,Ruda Maleniecka,26-242
990,Robbin Huddle,3/12/2022,Caribbean Jerk Marinade,53,472.43,2214.82,mobile payment,HAPPYHOUR,55939 Bashford Hill,Marcq-en-Barœul,59704 CEDEX
991,Verge Molyneaux,12/19/2022,Aeropress Coffee Maker,21,556.52,982.76,credit card,HAPPYHOUR,99 Bartelt Crossing,Tambov,392999
992,Florian Spenton,5/8/2022,Organic Coconut Flour,58,314.57,801.14,mobile payment,BAKERY20,9916 Jackson Lane,Şafwá,
993,Hilary Torbett,5/1/2022,Insulated Sport Tumbler,84,64.29,5469.66,mobile payment,SALE10,22 Gina Center,Saronída,
994,Michal Sonier,9/30/2022,Hiking Boots,61,115.57,7291.83,credit card,SALE10,6936 Towne Court,Loreto,8507
995,Bondie McLaverty,4/14/2022,Spicy Thai Coconut Soup,44,749.24,9091.65,credit card,HAPPYHOUR,13952 Union Terrace,Charopó,
996,Rinaldo Robken,6/22/2022,Juice Extractor,56,635.51,9194.98,credit card,BAKERY20,967 Sycamore Circle,Chanthaburi,10510
997,Kaylyn MacAnellye,2/13/2022,Sports Windbreaker,100,696.66,806.85,cash,SALE10,78 Miller Lane,Sapang Buho,5211
998,Julia Junifer,5/6/2022,Yoga Mat Carrier,65,277.23,5078.49,mobile payment,HAPPYHOUR,894 Cordelia Pass,Semikarakorsk,346630
999,Redd Prestland,12/11/2022,Caramelized Onion Dip Mix,9,514.18,4197.69,cash,BAKERY20,3 Algoma Hill,Kiuteta,
1000,Charmain Skala,7/2/2022,Chia Seed Pudding Mix,44,525.54,770.51,credit card,SALE10,1 Mesta Drive,Curumaní,203067
