order_id,customer_name,item_name,item_category,quantity,unit_price,total_price,order_date,delivery_date,payment_method,delivery_address,city,country
1,Mandi Narbett,Lemon Basil Pasta Sauce,Food - Sauces,97,178.65,9944.66,12/9/2021,3/17/2021,Online Payment,8557 Barby Plaza,Giồng Trôm,Vietnam
2,Jolynn Defew,Avocado Oil,Food - Oils,80,188.15,5976.43,8/28/2021,6/22/2021,Cash,026 Farragut Hill,Cachón,Dominican Republic
3,Paulie Petticrow,Stylish Wide-Leg Trousers,Clothing - Bottoms,65,811.5,8021.16,3/14/2021,10/15/2021,Online Payment,702 Del Sol Circle,Zhenqian,China
4,Dianemarie Dunstan,Feta Cheese Crumbles,Food - Dairy,41,662.64,7994.57,3/3/2021,3/29/2021,Cash,21 Straubel Point,Jinja,Uganda
5,Boyd Hairyes,Portable Hammock Swing,Outdoor,68,825.81,4528.55,5/25/2021,4/30/2021,Credit Card,173 Orin Center,Wąpielsk,Poland
6,Sarajane Covolini,Maple Bacon Popcorn,Food - Snacks,22,82.89,2288.14,12/23/2021,6/11/2021,Online Payment,2778 Eliot Terrace,Lhabupu,China
7,Allard Barizeret,Pest Control Traps,Home,72,33.39,5209.94,6/18/2021,10/28/2021,Online Payment,847 Coleman Drive,Houten,Netherlands
8,Grete Emblen,Organic Coconut Flour,Food - Baking,83,124.88,4673.6,3/31/2021,10/12/2021,Online Payment,248 Arapahoe Point,Langtad,Philippines
9,Jefferson Beazleigh,Almond Butter,Food - Condiments,38,562.64,8509.89,3/8/2021,11/5/2021,Credit Card,40 Lakewood Place,Artur Nogueira,Brazil
10,Maryann Glaister,Teriyaki Chicken Bowl,Food - Prepared Meals,28,733.14,4.39,9/29/2021,2/20/2021,Credit Card,00245 Kennedy Way,Yasothon,Thailand
11,Linzy Claypole,Chicken Sausage,Food - Meat,99,870.42,1325.0,1/21/2021,2/2/2021,Cash,0 Jenifer Hill,Burlatskoye,Russia
12,Nessa Kelway,Traditional Hummus,Food - Dips,85,643.36,9996.69,6/16/2021,3/1/2021,Cash,46 Blackbird Crossing,Arari,Brazil
13,Emili Grioli,Frozen Vegetarian Pizza,Food - Frozen Meals,36,672.92,4429.27,1/22/2021,6/23/2021,Online Payment,14 Hallows Street,Saginaw,United States
14,Delainey Croydon,Canvas Wall Art,Home,91,265.54,2672.81,8/15/2021,1/3/2021,Credit Card,729 Vahlen Road,Tobias Barreto,Brazil
15,Jonathon Buist,Dried Cranberries,Food - Snacks,11,907.08,4913.17,12/15/2021,8/15/2021,Credit Card,53 Prentice Plaza,Novo Selo,Bulgaria
16,Gracia Huygens,Sriracha Sauce,Food - Condiments,100,871.14,797.42,6/7/2021,6/25/2021,Credit Card,26 Shasta Circle,Jaroměř,Czech Republic
17,Brittani Barnet,Lemon Basil Pasta Sauce,Food - Sauces,23,626.78,2206.3,12/11/2021,9/28/2021,Credit Card,88243 Randy Hill,Nalsian Norte,Philippines
18,Dan Kempson,Savory Oatmeal Cups,Food - Breakfast,81,991.33,9534.43,8/23/2021,1/21/2021,Online Payment,80346 Manufacturers Plaza,Otavi,Namibia
19,Blondy Bulgen,Garden Hose,Garden,60,249.99,761.96,5/14/2021,2/4/2021,Online Payment,02959 Hansons Drive,Qinglong,China
20,Xylia Scrigmour,Balsamic Vinaigrette,Food - Dressings,4,518.87,2585.41,4/16/2021,10/4/2021,Credit Card,246 Dovetail Court,Jinzao,China
21,Helsa Spadoni,Travel Pillow,Travel,43,302.82,6193.33,3/18/2021,5/29/2021,Credit Card,30 John Wall Terrace,Corroios,Portugal
22,Codie MacNockater,Backpacking Tent,Outdoor,23,42.68,8962.44,7/21/2021,3/23/2021,Credit Card,70598 Myrtle Lane,Ribeira Quente,Portugal
23,Aloisia Yanshin,Scent Diffuser,Home,55,356.3,7394.26,8/9/2021,10/26/2021,Online Payment,50143 Old Gate Trail,Toba Tek Singh,Pakistan
24,Catherina Enevoldsen,Lightweight Rain Jacket,Clothing - Outerwear,27,178.85,6456.37,5/28/2021,1/7/2021,Online Payment,32139 Ridgeway Way,Harrisburg,United States
25,Corette Alesbrook,Wireless Gaming Headset,Gaming,95,359.8,4578.95,6/18/2021,2/22/2021,Credit Card,8794 Raven Plaza,Banakaja,Indonesia
26,Corinne Stallworth,Mango Chilli Sauce,Food - Condiments,91,806.65,325.39,10/23/2021,8/4/2021,Credit Card,6 Homewood Junction,Molo,Kenya
27,Bartholomeus Docharty,Baby Monitor,Baby,85,184.6,4931.46,8/9/2021,4/17/2021,Cash,3 Mcbride Trail,Kouvola,Finland
28,Gilemette Bendell,Smart WiFi Plug,Smart Home,78,201.19,4813.75,8/29/2021,3/17/2021,Cash,39486 Green Center,Fort Worth,United States
29,Melosa Crichmere,Reversible Comforter Set,Home,65,116.56,5638.02,9/25/2021,5/9/2021,Online Payment,12508 Emmet Crossing,Līgatne,Latvia
30,Northrop Maypother,Lemonade Mix,Food - Beverages,19,7.7,7476.92,5/29/2021,3/22/2021,Online Payment,6098 Westridge Park,La Mohammedia,Tunisia
31,Isobel Aloigi,Jalapeño Cornbread,Food - Bakery,87,104.21,6807.52,12/11/2021,12/17/2021,Online Payment,2121 Derek Street,Thai Charoen,Thailand
32,Cordelia Gonneau,DIY Lip Balm Kit,Crafts,65,487.48,3598.65,11/12/2021,5/11/2021,Credit Card,47454 Browning Trail,Balungkopi,Indonesia
33,Jess Pedden,Portable Air Compressor,Automotive,32,44.66,4175.73,7/13/2021,9/27/2021,Cash,8 Almo Center,Iwierzyce,Poland
34,Payton Grosvener,Sour Cream,Food - Dairy,47,99.0,7765.16,2/15/2021,6/9/2021,Credit Card,5 Northland Place,Passos,Brazil
35,Codie Karadzas,Adjustable Resistance Bands,Fitness,42,916.75,8766.21,4/15/2021,6/24/2021,Online Payment,35561 Pierstorff Trail,Sunagawa,Japan
36,Karly Chidlow,Peanut Butter Granola,Food - Breakfast,74,352.6,6676.2,11/6/2021,8/27/2021,Online Payment,4 Sage Road,Penitik,Indonesia
37,Reagan Sergison,Energy Protein Bars,Food - Snacks,79,252.75,1197.06,4/11/2021,10/5/2021,Online Payment,02431 High Crossing Trail,Bagarmossen,Sweden
38,Thorny Bortolussi,Sliced Olives,Food - Condiments,98,787.03,450.23,6/18/2021,1/5/2021,Online Payment,17 Roxbury Way,Nuevo Arraiján,Panama
39,Trista Dummigan,Sturdy Bookends,Office,39,854.49,9649.04,6/9/2021,3/27/2021,Online Payment,42 Cherokee Court,Mīāndoāb,Iran
40,Dori Garnall,Electric Food Slicer,Kitchen,53,525.09,393.16,8/11/2021,5/31/2021,Cash,006 Armistice Drive,Sidaurip,Indonesia
41,Hadria Binham,Elegant Lace Dress,Clothing - Dresses,92,785.05,3564.12,5/26/2021,12/23/2021,Online Payment,7138 Northport Junction,Delray Beach,United States
42,Stephenie Winspurr,Cheese Stuffed Jalapenos,Food - Snacks,37,936.01,2438.05,6/16/2021,7/28/2021,Credit Card,5955 Farwell Street,Fucha,China
43,Avram Jann,Spicy Hummus,Food - Deli,35,398.06,3665.41,5/21/2021,2/7/2021,Credit Card,05 Armistice Drive,Fiães,Portugal
44,Avie Ramard,Self-Adhesive Wallpaper,Home,87,190.37,1048.98,10/2/2021,7/6/2021,Credit Card,05 Orin Crossing,Huangmei,China
45,Pepe Dibb,Lentil Vegetable Stew,Food - Canned Soups,82,665.52,6288.83,4/12/2021,6/2/2021,Credit Card,80 Transport Road,Gemblengmulyo,Indonesia
46,Enrika Jaspar,Chipotle Sauce,Food - Condiments,65,810.99,5874.73,3/8/2021,10/9/2021,Online Payment,1153 Laurel Place,Lahad Datu,Malaysia
47,Kelley Blackall,Magnetic Spice Containers,Kitchen,73,164.55,552.67,3/9/2021,3/7/2021,Online Payment,5173 Northport Point,Tanashichō,Japan
48,Parnell Edgar,Smart Wi-Fi Camera,Smart Home,66,261.53,2496.06,3/18/2021,9/9/2021,Cash,975 Grayhawk Avenue,Ресен,Macedonia
49,Lowrance Brecher,Vegetable Lasagna,Food - Frozen Foods,6,119.97,4682.37,11/22/2021,3/9/2021,Cash,3 Nova Pass,Basyūn,Egypt
50,Madeline Surman-Wells,Lemon Herb Quinoa,Food - Grains,84,27.15,7281.78,1/6/2021,2/6/2021,Credit Card,7552 Eagan Center,Tirlyanskiy,Russia
51,Janessa Larwell,Travel Organizer,Travel,23,199.41,4831.13,7/5/2021,9/4/2021,Online Payment,1253 Carey Junction,Sunjia,China
52,Virgilio Dallas,Noise-Canceling Earbuds,Audio,49,42.19,7631.2,9/4/2021,10/30/2021,Credit Card,253 Thierer Terrace,Höviyn Am,Mongolia
53,Rodrique Illing,Inflatable Paddle Board,Outdoor,86,807.11,9628.45,1/14/2021,8/26/2021,Cash,66865 Golf Street,Tambo,Peru
54,Milzie Tidman,Peanut Butter Chocolate Clusters,Food - Desserts,50,82.0,6734.04,10/4/2021,6/12/2021,Credit Card,4 Bonner Pass,Sumberkertokrajan,Indonesia
55,Ranique Bellworthy,Butternut Squash Soup,Food - Soups,92,702.0,1158.76,8/11/2021,10/11/2021,Cash,28 Miller Drive,Mariatana,Peru
56,Tedra McCauley,Wild Rice & Quinoa Mix,Food - Grains,22,648.48,5829.24,6/1/2021,5/29/2021,Online Payment,155 Southridge Center,Gumaus,Philippines
57,Aundrea Grigore,Sweet Potato Mash,Food - Frozen Foods,12,26.32,1797.52,2/17/2021,7/29/2021,Online Payment,43 Evergreen Road,Xingfu,China
58,Sheelagh Blount,High-Speed Hand Blender,Kitchen,65,280.04,4112.28,12/19/2021,6/4/2021,Cash,1245 Fieldstone Way,Macachín,Argentina
59,Basilius Volker,Mini Food Processor,Kitchen,28,56.65,3054.14,1/2/2021,10/23/2021,Online Payment,43 Bluestem Parkway,Chorkówka,Poland
60,Judye Duckwith,Insulated Coffee Mug,Kitchen,84,329.31,1990.62,2/12/2021,8/12/2021,Online Payment,74391 International Street,Jetaral,China
61,Jaquith Noor,Lightweight Travel Backpack,Travel,35,90.17,5002.32,6/20/2021,7/5/2021,Cash,65002 Schiller Place,Mestre,Italy
62,Alane Labbati,Vegetable Quinoa Bowl,Food - Frozen Meals,53,441.69,9764.9,1/20/2021,1/17/2021,Cash,8263 Ludington Pass,Taipingxi,China
63,Wittie Skea,Inflatable Pool Float,Outdoor,48,831.28,2866.25,1/24/2021,11/30/2021,Credit Card,828 Cherokee Park,Barreiro,Portugal
64,Corbet Shugg,Organic Coconut Flakes,Food - Baking,2,216.12,46.54,9/10/2021,6/20/2021,Cash,82 Judy Hill,Nacka,Sweden
65,Klaus Feragh,Tea Infuser,Kitchen,19,489.82,4920.21,1/31/2021,5/9/2021,Online Payment,38 Kingsford Court,Gus’-Zheleznyy,Russia
66,Nickolaus O' Meara,Cranberry Citrus Sauce,Food - Condiments,67,282.56,5866.24,12/17/2021,5/16/2021,Cash,038 Glacier Hill Center,Banatsko Veliko Selo,Serbia
67,Chickie Ireson,Zucchini Noodle Pasta,Food - Vegetables,66,967.96,6944.84,1/15/2021,9/10/2021,Online Payment,4109 Ronald Regan Crossing,Szprotawa,Poland
68,Cobby Brannan,Sriracha Hot Chili Sauce,Food - Condiments,37,106.77,6690.15,11/17/2021,5/1/2021,Online Payment,616 Calypso Place,Kuching,Malaysia
69,Brear Powis,Arcade Game Machine,Gaming,47,877.5,6906.42,5/31/2021,7/28/2021,Cash,4874 Browning Hill,Zhouhu,China
70,Bibi Tokell,Italian Marinara Sauce,Food - Sauces,79,209.31,3798.06,3/20/2021,7/22/2021,Credit Card,15134 Fieldstone Center,Арачиново,Macedonia
71,Halette Alywin,Chicken Parmesan Dinner Kit,Food - Frozen Meals,78,447.72,5497.4,9/30/2021,11/13/2021,Online Payment,02787 Truax Terrace,Abreus,Cuba
72,Madeline Jerome,Sunglasses Case,Accessories,51,919.64,8997.32,8/28/2021,5/7/2021,Credit Card,45595 Fairfield Drive,Wenxing,China
73,Aubree Normanvill,Lentils,Food - Grains,90,738.07,8456.37,8/7/2021,1/19/2021,Credit Card,08335 2nd Court,Benzilan,China
74,Lynnelle Camilio,Wildflower Honey,Food - Condiments,56,223.07,1982.33,8/11/2021,2/8/2021,Online Payment,53794 Ramsey Hill,Buffalo,United States
75,Phillip Boothebie,Saffron Rice Mix,Food - Grains,98,256.53,9932.8,8/22/2021,8/14/2021,Credit Card,6 Oxford Trail,Esfarāyen,Iran
76,Ronny Vaen,Adjustable Height Standing Desk Converter,Office,18,171.58,5423.74,9/25/2021,11/18/2021,Cash,7 Doe Crossing Way,Kaishantun,China
77,Esra Zorro,Jump Rope with Counter,Fitness,60,29.49,5112.58,10/17/2021,2/16/2021,Credit Card,1 Buena Vista Hill,Nova Petrópolis,Brazil
78,Cybill Philipot,Electrolyte Water Bottle,Fitness,32,93.55,9204.66,7/31/2021,3/23/2021,Cash,86 Blackbird Trail,Lugait,Philippines
79,Ciro Naisey,Chic Ankle Strap Heels,Clothing - Shoes,25,171.73,5093.7,2/22/2021,8/21/2021,Online Payment,1526 Golden Leaf Pass,Oslo,Norway
80,Abigael Fysh,High-Quality Yoga Block,Fitness,7,933.4,3876.45,9/1/2021,2/19/2021,Credit Card,225 Caliangt Way,Qarshi,Uzbekistan
81,Philbert Slaten,Sliced Strawberries,Food - Fruits,28,527.34,882.02,1/23/2021,7/28/2021,Cash,49 Armistice Center,Xiwang,China
82,Berny Pecha,LED Disco Ball Light,Home,57,247.36,9020.69,11/3/2021,12/10/2021,Online Payment,16171 Vera Avenue,Paisha,China
83,Ted Cronchey,Roasted Red Pepper Dip,Food - Snacks,13,274.07,769.88,3/12/2021,4/30/2021,Credit Card,1582 Grayhawk Park,Brusyanka,Russia
84,Ignaz Sille,Fruit & Nut Trail Mix,Food - Snacks,8,877.24,979.83,6/3/2021,4/25/2021,Credit Card,8 Farragut Drive,Jiazhi,China
85,Valencia Cockings,Himalayan Pink Salt,Food - Condiments,82,505.78,6645.4,9/7/2021,4/2/2021,Online Payment,7499 Dahle Place,Pore,Colombia
86,Ardelle Zanolli,Smartphone Tripod with Remote,Photography,84,614.15,3306.57,8/12/2021,5/12/2021,Cash,507 Mayfield Pass,Shicheng,China
87,Nata Pakeman,Vegetable Curry,Food - Frozen Foods,13,969.1,230.6,4/21/2021,5/24/2021,Cash,2101 Stoughton Park,Eskilstuna,Sweden
88,Matthias Leece,Smartphone Stand,Accessories,79,679.8,1563.45,5/14/2021,5/15/2021,Cash,4 Arrowood Pass,Dromiskin,Ireland
89,Barb Ebbitt,Miso Soup Mix,Food - Soups,35,332.26,2041.05,8/7/2021,7/11/2021,Credit Card,17934 Schmedeman Pass,Meicheng,China
90,Myrna Burgne,Coconut Rice,Food - Frozen,42,124.43,8224.59,11/5/2021,4/3/2021,Credit Card,2 John Wall Alley,Chichaoua,Morocco
91,Ivett Pettegree,Incense Holder,Home,85,757.57,5322.9,11/11/2021,5/31/2021,Online Payment,5 Del Mar Way,Yurla,Russia
92,Verna Woonton,Salsa,Food - Condiments,68,538.73,7883.59,7/4/2021,10/1/2021,Cash,5895 Doe Crossing Avenue,Kangshan,China
93,Odille Losbie,Coconut Oil Spray,Food - Cooking Oils,95,955.78,3038.1,4/26/2021,12/12/2021,Online Payment,0 Warner Point,Venlo,Netherlands
94,Dunn Parmeter,Traditional Hummus,Food - Dips,98,560.42,2390.45,6/22/2021,10/17/2021,Online Payment,4 Anhalt Hill,Mikrókampos,Greece
95,Imojean Patel,Turkey Bacon,Food - Meat,28,397.47,1814.03,10/21/2021,11/23/2021,Online Payment,6325 Maryland Alley,Suso,Philippines
96,Loren Parsisson,Non-Stick Grill Pan,Kitchen,39,50.93,5332.41,2/20/2021,6/6/2021,Cash,6 Meadow Ridge Way,Wuxiang,China
97,Amber Gherardesci,Wireless Charger Stand,Electronics,95,412.84,652.48,1/22/2021,2/5/2021,Online Payment,4 Kinsman Parkway,Andir,Indonesia
98,Genni Leggate,Electric Toothbrush Holder,Health,42,923.51,8732.22,8/7/2021,11/6/2021,Online Payment,42 Hanson Place,Auch,France
99,Ilsa Enriques,Sesame Seeds,Food - Baking,30,944.2,1915.34,4/25/2021,4/5/2021,Cash,375 Reinke Hill,Naples,United States
100,Jennilee MacGaffey,Crispy Onion Rings,Food - Frozen Foods,93,662.83,7549.76,4/18/2021,8/12/2021,Credit Card,355 American Ash Pass,Biryukove,Ukraine
101,Jerome Menichi,Organic Black Rice,Food - Grains,65,626.15,4056.6,10/3/2021,12/19/2021,Cash,13297 Arrowood Drive,Višnjevac,Croatia
102,Norri Atley,Warm Wool Sweater,Clothing - Tops,46,206.13,2341.29,12/19/2021,11/24/2021,Cash,27 Summerview Parkway,Mehrābpur,Pakistan
103,Binky Lytle,Fruit and Nut Medley,Food - Snacks,36,570.47,4112.93,7/30/2021,9/13/2021,Credit Card,8 Donald Way,Duczki,Poland
104,Monro Spybey,Maple Cinnamon Granola,Food - Cereals,99,528.68,9234.32,6/10/2021,10/5/2021,Credit Card,8971 Arkansas Alley,Bambas,Peru
105,Jakie Daveren,Chilli Lime Corn on the Cob,Food - Vegetable,23,823.35,9665.09,10/25/2021,10/31/2021,Cash,7 Darwin Parkway,Huancheng,China
106,Vittoria Waudby,Quinoa & Black Bean Salad,Food - Salads,34,492.19,7899.79,12/24/2021,12/6/2021,Online Payment,8 Fuller Park,Jingkou,China
107,Kirsten Vlasyuk,Whole Wheat Pasta,Food - Grains,28,362.65,9253.56,5/17/2021,10/23/2021,Cash,6181 Sachs Pass,Choropampa,Peru
108,Sande Chatt,Dishwasher Safe Cutting Board,Kitchen,56,733.46,3943.3,4/18/2021,4/6/2021,Online Payment,56 Hintze Parkway,Det Udom,Thailand
109,Pauline Curreen,Pet Grooming Gloves,Pets,37,421.49,3912.34,8/6/2021,9/29/2021,Online Payment,7606 Quincy Point,Kadubamban,Indonesia
110,Margret Alleyne,Smoked Paprika,Food - Spices,92,699.46,7720.18,3/8/2021,5/7/2021,Online Payment,6071 Del Mar Road,Longos,Portugal
111,Shel Colkett,Window A/C Unit,Home Appliances,86,957.05,9959.73,3/29/2021,1/9/2021,Online Payment,05 Mockingbird Place,Zuocun,China
112,Cherin Grzegorecki,Collapsible Water Bottle,Fitness,37,565.24,4102.59,12/18/2021,1/11/2021,Credit Card,2988 Westerfield Pass,Dvin,Armenia
113,Robinet Imbrey,Smartphone UV Sanitizer,Health,52,781.85,2478.7,6/4/2021,7/20/2021,Credit Card,22278 Lawn Alley,Zhenqiao,China
114,Ashlee McGarahan,Multicolored LED Strip Lights,Home,56,496.7,1074.47,1/1/2021,7/12/2021,Cash,382 Northwestern Alley,Karvia,Finland
115,Cariotta Schollar,Chocolate Peanut Butter Cups,Food - Snacks,70,102.91,6848.48,4/13/2021,9/27/2021,Cash,51259 Drewry Circle,San Bernardino,Paraguay
116,Letisha Cosker,Roasted Sweet Corn,Food - Frozen,97,886.55,264.66,1/29/2021,5/7/2021,Credit Card,4565 Shopko Parkway,Hobo,Colombia
117,Clayton Paulet,Portable Bluetooth Keyboard,Electronics,26,856.27,185.13,10/24/2021,7/25/2021,Online Payment,53 Saint Paul Place,Rimus,Philippines
118,Zarla Swetman,Cork Yoga Mat,Fitness,72,237.59,8348.0,12/30/2021,12/6/2021,Online Payment,908 Gateway Plaza,Delgermörön,Mongolia
119,Sandy Rechert,Wire Shelving Unit,Home,22,667.87,7485.88,7/25/2021,3/7/2021,Cash,14436 Sage Way,Igcocolo,Philippines
120,Hercules De Vaan,Personal Blender with Travel Lid,Kitchen,20,835.37,315.54,12/12/2021,12/26/2021,Cash,01 Anniversary Court,Auxerre,France
121,Trace Gress,Coconut Milk Yogurt,Food - Dairy Alternatives,36,452.73,4245.79,6/10/2021,9/2/2021,Online Payment,28916 Main Lane,Mbandjok,Cameroon
122,Rolland Schieferstein,Chic Jumpsuit,Clothing - Jumpsuits,75,839.0,7485.03,9/16/2021,7/18/2021,Credit Card,1685 Heffernan Court,Västerås,Sweden
123,Valaree Avrasin,Turkey Bacon,Food - Meat,97,398.84,9936.64,8/16/2021,10/19/2021,Online Payment,3956 Ridgeview Lane,Kantharalak,Thailand
124,Jeralee McAreavey,Chipotle Black Bean Burger,Food - Meats,40,147.51,7974.16,12/18/2021,9/24/2021,Online Payment,02685 Green Ridge Alley,Algarvia,Portugal
125,Dolorita Garber,Smoky BBQ Jackfruit,Food - Grocery,84,241.4,9015.28,2/4/2021,4/4/2021,Online Payment,04 Garrison Drive,Beraim,Indonesia
126,Ekaterina Codner,Chocolate Mint Cookies,Food - Baking,87,817.8,6127.12,6/19/2021,3/10/2021,Cash,5559 Sutteridge Center,Hendaye,France
127,Cesya Orgen,Children's Science Experiment Lab Kit,Toys,63,507.01,1429.13,6/28/2021,2/17/2021,Cash,04 Lighthouse Bay Avenue,Auna,Nigeria
128,Antons Glasson,Pumpkin Spice Latte Mix,Food - Beverages,62,210.65,7965.09,8/16/2021,6/17/2021,Online Payment,34 Melody Street,Matanza,Colombia
129,Aundrea Habergham,Maple Almond Granola,Food - Breakfast,19,18.65,572.17,5/10/2021,3/4/2021,Online Payment,442 Fordem Circle,Vyškov,Czech Republic
130,Arne Weeden,Smartphone UV Sanitizer,Health,97,478.57,4726.28,1/7/2021,6/19/2021,Online Payment,02 Moulton Crossing,Sinchao,Peru
131,Hermann Batterbee,Blackberry Jam,Food - Condiments,76,116.36,2362.08,1/5/2021,10/23/2021,Credit Card,0454 Artisan Avenue,Enriquillo,Dominican Republic
132,Mora Brugmann,Electric Rice Cooker,Kitchen,8,102.26,806.23,10/26/2021,6/8/2021,Online Payment,6 Forest Dale Road,Petrijevci,Croatia
133,Jacquie Dobbing,Honey Butter Popcorn,Food - Snacks,97,667.25,6583.33,2/18/2021,5/15/2021,Credit Card,246 Scott Point,Ciudad Ojeda,Venezuela
134,Charisse Scholcroft,Video Camera,Electronics,75,910.15,4298.98,11/16/2021,7/27/2021,Cash,5 Red Cloud Trail,Guacamaya,Honduras
135,Nicky Codron,Organic Italian Seasoning,Food - Spices,24,427.12,2172.72,4/1/2021,9/18/2021,Credit Card,03622 Twin Pines Trail,Vavoua,Ivory Coast
136,Newton Kettles,Garlic Herb Cream Cheese,Food - Dairy,29,875.61,6274.28,7/25/2021,9/28/2021,Online Payment,9 Forest Dale Pass,Bazi,China
137,Una Whitington,Portable Air Compressor,Automotive,51,2.16,1897.08,7/16/2021,8/15/2021,Online Payment,41784 Lillian Pass,Chignayhua,Peru
138,Wandie Tuddall,Electric Hot Water Dispenser,Kitchen,37,689.46,6704.36,5/11/2021,3/30/2021,Online Payment,165 Dayton Place,Jingzhu,China
139,Bendite Bello,Home Cleaning Robot,Home Appliances,20,722.03,8760.04,10/23/2021,9/26/2021,Online Payment,66222 Bartelt Crossing,Yavne,Israel
140,Karry Rouzet,Honey Glazed Carrots,Food - Produce,5,713.03,1340.52,4/2/2021,5/10/2021,Online Payment,1327 Boyd Park,Tambulig,Philippines
141,Aura Pontain,Tortilla Chips,Food - Snacks,24,502.11,4878.16,12/11/2021,1/25/2021,Credit Card,4 Garrison Park,Blumenau,Brazil
142,Carney Exell,Wireless Gaming Mouse,Gaming,17,122.61,1721.26,4/21/2021,2/28/2021,Credit Card,7 Portage Plaza,Colatina,Brazil
143,Audie Dannell,Canvas Wall Art,Home,91,517.03,3226.33,9/3/2021,10/22/2021,Credit Card,26 Annamark Circle,Budapest,Hungary
144,Leicester Aron,Honey Roasted Almonds,Food - Snacks,72,351.26,9698.91,8/4/2021,1/26/2021,Credit Card,5014 Service Junction,Pushkino,Russia
145,Waylan Linger,Emergency Preparedness Kit,Safety,43,879.16,2198.06,11/18/2021,9/3/2021,Online Payment,6 Annamark Junction,Babakankalong,Indonesia
146,Car Pinare,Kids' Craft Supplies Set,Toys,47,970.88,300.61,3/16/2021,3/10/2021,Credit Card,94196 Longview Parkway,Kelburn,New Zealand
147,Merrick Karet,Safety Pin Dispenser,Office,79,748.59,596.08,6/10/2021,12/30/2021,Online Payment,9 Moland Place,Virginia Beach,United States
148,Dara Autin,Pineapple Teriyaki Chicken Mix,Food - Meat,65,965.0,9284.66,11/8/2021,6/1/2021,Online Payment,3971 Little Fleur Junction,Charlottesville,United States
149,Jarid Wathan,Pineapple Salsa,Food - Condiments,94,504.55,3943.64,11/25/2021,4/19/2021,Cash,8212 Milwaukee Parkway,Vyshneve,Ukraine
150,Dexter Vittori,Ergonomic Gaming Chair,Gaming,35,258.26,574.9,11/28/2021,7/14/2021,Cash,18649 Crescent Oaks Crossing,Chillia,Peru
151,Concettina Paoloni,Wrist Support Brace,Health,54,964.07,3075.91,1/30/2021,1/22/2021,Credit Card,07 Petterle Pass,Rudong,China
152,Briny Saddleton,Stuffed Grape Leaves,Food - Prepared Foods,48,74.5,2221.99,8/27/2021,11/11/2021,Online Payment,751 Veith Junction,Wisła,Poland
153,Murielle Hassent,Gaming Mousepad,Gaming,89,362.34,5382.18,10/25/2021,4/24/2021,Online Payment,73416 Clove Center,Gaxung,China
154,Dirk Laws,Portable Water Filter,Outdoor,3,514.62,8531.99,12/5/2021,7/23/2021,Cash,44640 Bashford Court,Garhi Yāsīn,Pakistan
155,Datha Brealey,Harvest Grain Salad,Food - Salads,7,189.18,4237.04,5/1/2021,9/30/2021,Online Payment,41721 Mallard Way,Platagata,Philippines
156,Jesse Mandres,Almond Joy Snack Bars,Food - Snacks,37,270.6,4956.91,8/24/2021,2/24/2021,Online Payment,897 Crest Line Alley,Chojnice,Poland
157,Lemmy Palk,Electric Toothbrush,Health,91,997.71,842.49,1/20/2021,11/9/2021,Credit Card,333 Monterey Plaza,Ajasse Ipo,Nigeria
158,Obadiah Stowe,Popcorn Chicken,Food - Frozen,69,262.64,1470.01,1/21/2021,2/22/2021,Online Payment,755 Linden Circle,Mijiang,China
159,Culley Titmarsh,Recipe Book Stand,Kitchen,73,248.58,6099.16,5/29/2021,10/19/2021,Online Payment,2537 Killdeer Parkway,Kuala Terengganu,Malaysia
160,Ardella Westraw,Personal Blender,Kitchen,35,547.82,2271.64,11/21/2021,10/4/2021,Cash,56 Orin Way,Staryye Atagi,Russia
161,Sonni Somerled,Wireless Range Extender,Electronics,21,148.6,4702.76,3/16/2021,1/8/2021,Online Payment,3 Everett Center,Zhouxi,China
162,Randy Haye,Set of Herb Garden Markers,Garden,7,683.94,6069.11,2/22/2021,11/13/2021,Credit Card,7 Moland Road,Marialva,Brazil
163,Olivero Ruoff,Spicy Avocado Salsa,Food - Condiments,57,229.48,8156.65,2/17/2021,9/6/2021,Cash,7181 Harbort Avenue,Valencia,Venezuela
164,Cyril Prudence,Pumpkin Pie Spice,Food - Baking,62,877.9,8024.29,11/27/2021,11/26/2021,Credit Card,045 Shopko Lane,Madara,Nigeria
165,Jillian Gontier,Set of Silicone Cooking Utensils,Kitchen,57,128.83,959.33,7/14/2021,11/10/2021,Credit Card,8 Glendale Alley,Los Angeles,United States
166,Sidoney Jodkowski,Car Escape Tool,Automotive,83,256.25,3220.02,1/4/2021,3/9/2021,Credit Card,0 Veith Park,Luka nad Jihlavou,Czech Republic
167,Hermione Coveney,Sculpting Kit,Art Supplies,25,152.46,7646.63,12/28/2021,2/23/2021,Credit Card,1286 School Way,Sandefjord,Norway
168,Kelby Theobald,Dog Training Whistle,Pets,75,937.31,5869.46,3/29/2021,9/13/2021,Cash,1603 Welch Parkway,Ningyuan,China
169,Helen Borwick,Sour Cream,Food - Dairy,76,352.1,9068.76,5/18/2021,11/16/2021,Online Payment,22321 Green Ridge Trail,Reina Mercedes,Philippines
170,Gustavus Sampson,Cotton Sweatpants,Clothing - Bottoms,39,791.7,4255.25,10/30/2021,7/4/2021,Cash,653 Briar Crest Terrace,Campinas,Brazil
171,Sibilla Oger,Pesto Pasta Sauce,Food - Sauces,81,614.87,265.29,11/14/2021,10/4/2021,Cash,74 6th Terrace,Cái Dầu,Vietnam
172,Brandise Dureden,Blueberry Muffin Mix,Food - Baking,89,721.5,9533.91,5/21/2021,11/5/2021,Credit Card,14517 Doe Crossing Terrace,Heby,Sweden
173,Birgitta Lyon,Smart Doorbell,Smart Home,98,404.57,6550.75,10/3/2021,9/25/2021,Online Payment,58 Comanche Way,Rancamaya,Indonesia
174,Anissa Vial,Mini Food Processor,Kitchen,15,90.81,6301.86,8/18/2021,4/13/2021,Online Payment,7246 Amoth Street,Zhangqiang,China
175,Barris Theyer,Hummus,Food - Snacks,37,226.11,9488.22,10/5/2021,10/7/2021,Online Payment,6312 Golf Course Point,Maykopskoye,Russia
176,Dory Egle,Frozen Acai Bowl,Food - Frozen Foods,29,497.6,6815.24,6/18/2021,3/14/2021,Credit Card,02 Novick Drive,Chantilly,France
177,Cicely Keep,Coconut Curry Chicken,Food - Frozen Foods,43,680.66,6346.73,6/8/2021,12/16/2021,Cash,3594 Pankratz Way,Shar’ya,Russia
178,Kim Colter,Hiking Gaiters,Outdoor,34,614.79,7696.57,7/21/2021,3/9/2021,Credit Card,3 Iowa Park,Coxim,Brazil
179,Dominga Belcher,Portable Air Compressor,Automotive,46,821.21,3039.67,10/23/2021,8/5/2021,Credit Card,42967 Barnett Place,Gorno-Altaysk,Russia
180,Lothaire Scarffe,Mediterranean Couscous Salad,Food - Salads,32,229.83,3512.49,10/17/2021,6/18/2021,Cash,4128 Stone Corner Court,Fosses,France
181,Kial Pilling,Sporty Slide Sandals,Clothing - Footwear,84,62.06,2051.5,12/8/2021,8/1/2021,Online Payment,77656 Blackbird Way,Xingfu,China
182,Ingrim Bole,Leather Crossbody Bag,Clothing - Bags,62,663.5,7608.59,7/2/2021,11/15/2021,Credit Card,781 Sunbrook Court,Kansas City,United States
183,Cobby Jendrassik,Baked Falafel Balls,Food - Frozen Vegetables,34,644.76,8292.93,12/11/2021,1/25/2021,Cash,060 Melrose Plaza,Tanabe,Japan
184,Emelen Bronot,Bicycle Lock,Bicycles,4,357.66,1976.14,1/6/2021,2/6/2021,Cash,97635 Oak Valley Junction,Duki,Pakistan
185,Bobette Grewer,Adjustable Kneeling Pad,Garden,33,278.14,9742.18,6/25/2021,12/3/2021,Online Payment,54 Tennessee Pass,Shuangmiao,China
186,Bessy Alliot,Self-Adhesive Wallpaper,Home,70,419.33,6532.96,7/19/2021,4/30/2021,Cash,9165 Butterfield Circle,Anyar,Indonesia
187,Molly Povey,Beef Stroganoff Mix,Food - Meal Kits,62,988.82,3509.86,8/31/2021,12/5/2021,Credit Card,0873 Sunnyside Junction,Iwŏn-ŭp,North Korea
188,Gayla Gunton,Baked Falafel Balls,Food - Frozen Vegetables,40,26.32,1411.98,3/21/2021,12/2/2021,Credit Card,14 West Street,Xijiao,China
189,Arvie Atrill,Whole Wheat Pita Bread,Food - Bread,57,793.64,690.95,11/16/2021,8/15/2021,Cash,98 Del Sol Crossing,Qinglian,China
190,Loren Watson,Cranberry Pecan Granola,Food - Breakfast Foods,45,953.76,9865.35,7/5/2021,5/27/2021,Online Payment,4131 Tennyson Crossing,Dogarmo,China
191,Egbert Hattrick,Wireless Keyboard and Mouse Combo,Electronics,19,57.08,3974.94,5/8/2021,12/16/2021,Cash,3062 Claremont Pass,Taesal-li,South Korea
192,Brinn Merigeau,Compressible Packing Cubes,Travel,55,826.94,6939.61,10/14/2021,3/27/2021,Online Payment,345 Union Court,Duiwelskloof,South Africa
193,Lazar Latham,Vegan chocolate chip cookies,Food - Bakery,47,215.86,7431.61,5/26/2021,2/20/2021,Cash,89 Myrtle Street,Osinniki,Russia
194,Katrine Harrigan,Falafel Mix,Food - Baking & Cooking,32,252.14,8572.96,5/12/2021,12/9/2021,Cash,07508 Saint Paul Point,Debrecen,Hungary
195,Gerladina Blanning,Organic Black Bean Burger,Food - Frozen Foods,58,495.33,5723.07,6/1/2021,10/9/2021,Online Payment,54407 Eagle Crest Drive,Milići,Bosnia and Herzegovina
196,Susy Jakel,Almond Butter Granola Bars,Food - Snacks,82,922.71,2622.88,10/30/2021,1/13/2021,Cash,38 Katie Road,Two Hills,Canada
197,Mort Mulmuray,Insulated Cooler,Outdoor,93,42.83,7064.46,12/28/2021,5/30/2021,Credit Card,28 Dwight Trail,Jingmao,China
198,Melania Monteaux,Casual Cropped Sweater,Clothing - Sweaters,90,841.36,2444.46,6/29/2021,7/28/2021,Online Payment,745 Myrtle Hill,Volot,Russia
199,Winne Chattey,Insulated Lunch Box,Kitchen,86,762.74,6941.54,11/4/2021,2/15/2021,Online Payment,941 Artisan Road,San Jose,Philippines
200,Lelia Horbart,Organic Coconut Sugar,Food - Baking Goods,84,580.89,7870.86,5/15/2021,6/13/2021,Online Payment,201 Eastlawn Drive,Kępno,Poland
201,Jaquenette Jarrelt,Luxury Rolling Makeup Case,Beauty,80,316.73,9947.91,5/6/2021,9/3/2021,Credit Card,9630 Manitowish Road,Ḩātim,Jordan
202,Sindee Pedler,Portable Water Filter,Outdoor,94,822.07,7826.37,7/13/2021,4/26/2021,Credit Card,52726 Hoepker Terrace,Axili,China
203,Kym Loughhead,Energy Bites,Food - Snacks,56,706.35,7963.68,1/29/2021,10/23/2021,Online Payment,76257 Raven Drive,Trondheim,Norway
204,Harvey Tetford,Organic Italian Seasoning,Food - Spices,16,871.12,98.35,5/22/2021,8/28/2021,Credit Card,78 Marquette Park,Al Qaryatayn,Syria
205,Denise Heintsch,LED Christmas Lights,Home,40,137.6,4855.99,7/4/2021,7/22/2021,Cash,4183 High Crossing Alley,Pengulu,Indonesia
206,Sigfried Smee,Stainless Steel BBQ Grill Set,Outdoor,4,908.86,8314.02,3/4/2021,6/22/2021,Cash,1567 Oriole Road,Lanús,Argentina
207,Eulalie Moultrie,Apple Cinnamon Breakfast Muffins,Food - Bakery,50,135.25,6799.35,5/7/2021,10/3/2021,Credit Card,5 Eggendart Plaza,Mogocha,Russia
208,Jillie Faustin,Magnetic Phone Case,Accessories,56,721.05,9428.46,2/19/2021,11/25/2021,Credit Card,9 Scott Hill,Koina,Gambia
209,Dorelia De Laci,Cotton Tote Bag Set,Accessories,21,89.85,421.11,10/5/2021,12/28/2021,Online Payment,67457 Nancy Pass,Shibli,Israel
210,Fredia Gibbetts,Hand Crank Blender,Kitchen,47,457.38,3863.48,12/13/2021,10/1/2021,Online Payment,604 Homewood Alley,Nusaherang,Indonesia
211,Gae Cayford,Solar Garden Lights,Outdoor,72,379.11,6988.04,10/17/2021,8/8/2021,Online Payment,964 Saint Paul Court,Kozakai-chō,Japan
212,Sapphire Jelkes,Frozen Burritos,Food - Frozen Foods,64,281.59,3513.52,6/11/2021,12/11/2021,Credit Card,82 Anhalt Lane,Klinan,Philippines
213,Darsey Jaquin,Pumpkin Spice Latte Mix,Food - Beverages,1,746.96,9664.99,12/7/2021,6/24/2021,Online Payment,565 8th Trail,Bijie,China
214,Durante Rassmann,Garlic Parmesan Wings,Food - Frozen Foods,59,148.07,739.21,10/29/2021,2/4/2021,Online Payment,95707 Cardinal Avenue,Yolöten,Turkmenistan
215,Kally Doudney,Slim Wallet,Accessories,48,652.24,4857.44,7/17/2021,4/9/2021,Credit Card,63399 Darwin Park,Prostřední Bečva,Czech Republic
216,Konstantin Toulamain,Peach & Mango Salsa,Food - Snacks,27,974.75,5795.81,10/12/2021,10/26/2021,Credit Card,2241 Evergreen Parkway,Jindou,China
217,Alex Targetter,Tomato Basil Pasta Sauce,Food - Sauces,67,600.78,1579.89,9/10/2021,5/26/2021,Online Payment,503 Fulton Hill,Sakaraha,Madagascar
218,Ermanno Batiste,Salsa,Food - Condiments,73,251.38,2170.6,9/25/2021,4/5/2021,Cash,251 Fairfield Way,Filipstad,Sweden
219,Roscoe Hallum,Kids' Activity Book,Books,88,749.6,8992.88,5/28/2021,12/21/2021,Cash,79 Mayer Place,Gōdo,Japan
220,Garvin Redsall,Beef Sirloin Steak,Food - Meat,71,262.5,9549.07,9/20/2021,2/5/2021,Online Payment,8 Superior Circle,Yŏnmu,South Korea
221,Ursuline Mc Harg,Children's Educational Workbook,Books,91,788.21,6410.22,5/12/2021,10/1/2021,Credit Card,18332 Dapin Street,Miskindzha,Russia
222,Rosaleen Bigglestone,Sweet Potato Tots,Food - Frozen Foods,6,983.03,516.86,10/15/2021,12/23/2021,Credit Card,62 Bartelt Parkway,Buyant,Mongolia
223,Sibilla Bowler,Rolling Cooler,Outdoor,95,440.41,8437.99,7/11/2021,1/15/2021,Cash,02051 Corscot Park,Waitangi,New Zealand
224,Samara Benfield,Lemon Basil Pasta Sauce,Food - Sauces,75,942.4,571.01,1/24/2021,8/3/2021,Cash,0660 Dapin Junction,Chakari,Zimbabwe
225,Marlyn Lamblin,Peach Fruit Cups,Food - Snacks,72,34.47,6191.6,2/6/2021,4/3/2021,Online Payment,244 Acker Center,Lišov,Czech Republic
226,Ilsa Jakubovits,Coconut Oil,Food - Oils & Vinegars,80,739.56,317.17,6/7/2021,6/17/2021,Credit Card,144 Coolidge Pass,Shi’ao,China
227,Courtney Bogart,Blackberry Jam,Food - Condiments,8,551.22,3261.8,12/12/2021,8/23/2021,Cash,7982 Summerview Road,Bolian,China
228,Berkie Spondley,Pasta Maker Machine,Kitchen,59,674.48,2091.78,8/4/2021,10/19/2021,Online Payment,19 Victoria Drive,Nankou,China
229,Aloise Scougall,Sporty Cap,Clothing - Accessories,74,316.67,46.31,2/2/2021,12/18/2021,Online Payment,952 Scott Drive,Chikushino-shi,Japan
230,Hastings Snelman,Air Fryer Oven,Kitchen,48,1000.0,7086.44,7/2/2021,1/13/2021,Credit Card,211 Springs Avenue,Saint Andrews,Canada
231,Valene Bauchop,Car Escape Tool,Automotive,42,431.36,815.63,2/22/2021,6/21/2021,Cash,92376 Mayfield Street,Stockholm,Sweden
232,Bellina Mithun,Electric Kettle,Kitchen,82,793.11,1453.67,7/22/2021,7/8/2021,Credit Card,13 Crescent Oaks Center,Yaruchel,Honduras
233,Cordelie Zute,Smartphone Photography Ring Light,Photography,10,400.2,6270.32,5/5/2021,12/14/2021,Cash,61 Meadow Ridge Hill,Staraya Stanitsa,Russia
234,Jed Steward,Lemon Pepper Seasoning,Food - Seasonings,79,878.21,4253.96,9/9/2021,11/18/2021,Cash,54029 Sunbrook Street,Nambalan,Philippines
235,Toddie Deverell,Strawberry Rhubarb Jam,Food - Condiments,42,688.64,1909.19,2/28/2021,6/11/2021,Online Payment,02 Corscot Plaza,Forino,Macedonia
236,Dierdre Malthouse,Essential Oil Roller Bottles,Health,45,741.43,8523.56,12/26/2021,4/11/2021,Online Payment,2 Pawling Alley,Piaocao,China
237,Merrily Kann,Maple Chipotle Glaze,Food - Condiments,96,669.68,4637.05,5/9/2021,3/17/2021,Credit Card,11875 Troy Parkway,Xiayang,China
238,Noella Lucia,Desk Lamp with USB Port,Office,45,812.79,4525.54,2/1/2021,2/10/2021,Credit Card,799 Texas Court,Sanbaishan,China
239,Gallard Cawston,Natural Peanut Butter,Food - Spreads,96,82.62,8165.47,3/8/2021,9/10/2021,Credit Card,8111 Westerfield Pass,Cezi,China
240,Sheffie Wakeman,Dried Apricots,Food - Dried Fruits,98,760.14,5290.46,7/13/2021,9/30/2021,Credit Card,6106 Annamark Way,Aksu,Kazakhstan
241,Goldarina Pattullo,Kids' Educational Tablet,Electronics,33,908.05,2.89,7/31/2021,7/4/2021,Credit Card,1352 Melrose Hill,Salcedo,Dominican Republic
242,Crosby Marson,Peach Yogurt,Food - Dairy,24,542.5,410.06,1/2/2021,11/10/2021,Online Payment,88092 Mcbride Terrace,Gimry,Russia
243,Beau Halliday,Coconut Cream Pie Mix,Food - Baking,7,456.31,3786.95,3/13/2021,2/25/2021,Online Payment,2942 Raven Pass,Javhlant,Mongolia
244,Lynn Mussettini,Reversible Swimming Pool Lounger,Outdoor,9,261.15,6788.21,4/29/2021,7/12/2021,Online Payment,4 Waubesa Lane,Abaza,Russia
245,Jocelyn Sacks,Electric Nail File Kit,Beauty,97,849.06,1229.07,11/2/2021,1/18/2021,Credit Card,4 Schlimgen Avenue,Manassas,United States
246,Frederique Littlechild,Hummus,Food - Snacks,97,748.67,7996.94,7/6/2021,3/25/2021,Online Payment,5741 Anderson Place,Ainaži,Latvia
247,Wendall Di Filippo,Colorful Post-It Notes Set,Office,9,640.9,9880.25,6/18/2021,1/3/2021,Online Payment,23560 Oxford Hill,Mundão,Portugal
248,Raimondo Splevin,Honey BBQ Riblets,Food - Meat,54,553.82,3665.28,11/20/2021,10/21/2021,Online Payment,8 Stoughton Road,Aoyang,China
249,Janeczka Grimston,Ribbed Knit Dress,Clothing - Dresses,50,293.58,9284.36,10/31/2021,7/9/2021,Online Payment,58 American Lane,Bomomani,Indonesia
250,Thekla Hamon,Coconut Lime Rice,Food - Sides,22,964.71,5166.7,8/2/2021,1/10/2021,Credit Card,46490 Birchwood Point,Reguengos de Monsaraz,Portugal
251,Florie Gerhts,Coconut Macaroons,Food - Confectionery,94,55.19,9834.1,6/29/2021,8/10/2021,Online Payment,73812 Linden Plaza,Kopychyntsi,Ukraine
252,Glenna McVey,Energy Protein Bars,Food - Snacks,8,210.34,852.68,12/12/2021,1/20/2021,Online Payment,47018 Londonderry Circle,To’rtko’l Shahri,Uzbekistan
253,Caron Wollard,Lemon Basil Pasta Sauce,Food - Sauces,50,21.52,9540.81,1/9/2021,12/7/2021,Credit Card,46297 Swallow Lane,Huacrapuquio,Peru
254,Josselyn Blackie,Pear and Gorgonzola Salad,Food - Salads,34,220.63,7779.21,2/12/2021,3/15/2021,Cash,3329 Amoth Junction,Fortios,Portugal
255,Peri Daltrey,Honey mustard chicken tenders,Food - Meat,70,477.8,3845.76,3/6/2021,9/24/2021,Cash,69255 Waxwing Terrace,Saintes,France
256,Gladys Gueny,Travel Luggage Scale,Travel,50,313.88,6463.46,5/5/2021,11/18/2021,Cash,3 Warbler Circle,Vyshniy Volochëk,Russia
257,Kiah Goldis,Inspirational Wall Art,Home,21,859.88,4891.75,2/1/2021,3/12/2021,Cash,4843 School Circle,Xuanhua,China
258,Karisa Hearmon,Spicy Avocado Salsa,Food - Condiments,71,816.59,4149.29,4/6/2021,4/20/2021,Online Payment,09 Muir Way,Kamen,Croatia
259,Mareah Crawshay,Car Sunshade,Automotive,38,484.42,7251.83,8/6/2021,7/26/2021,Online Payment,6 Old Gate Court,Harian,Indonesia
260,Chrystel Scafe,Frozen Broccoli,Food - Frozen,76,558.88,1939.3,8/30/2021,3/1/2021,Online Payment,5406 Jay Junction,Porsgrunn,Norway
261,Mitzi Rollings,Spinach Pizza Rolls,Food - Frozen Foods,72,423.57,5418.75,10/23/2021,3/27/2021,Credit Card,6 Pawling Point,Erechim,Brazil
262,Elka Kimbly,Ceramic Non-Stick Frying Pan,Kitchen,38,789.8,7549.95,10/24/2021,1/1/2021,Credit Card,52 Hermina Center,Shicheng,China
263,Hendrika Weber,Collapsible Colander,Kitchen,15,596.2,8288.06,9/10/2021,12/1/2021,Credit Card,9 Northfield Trail,Kutloanong,South Africa
264,Nerta Ousbie,Wall Decals for Kids,Home,10,778.65,1075.11,6/7/2021,6/6/2021,Credit Card,1816 Ludington Hill,Weifang,China
265,Henrie Cullrford,Wrist Support Brace,Health,60,142.14,8089.18,2/22/2021,1/16/2021,Cash,8 Ryan Point,Slobodskoy,Russia
266,Babita Kirkbright,Adjustable Kneeling Pad,Garden,15,543.26,7919.82,6/10/2021,4/3/2021,Cash,528 Paget Drive,Agua Fría,Honduras
267,Jessamine Bumford,Sustainable Wooden Toys,Toys,15,291.36,5594.54,8/16/2021,4/10/2021,Online Payment,7701 Shelley Road,Kcynia,Poland
268,Benjie O'Kenny,Classic Caesar Dressing,Food - Condiments,55,259.6,5993.03,12/25/2021,3/14/2021,Credit Card,07461 Canary Plaza,Xiangcheng,China
269,Enrico Beavington,Fitness Balance Ball,Fitness,47,817.11,449.25,10/26/2021,8/2/2021,Cash,88340 Schurz Center,Vis,Croatia
270,Francisco Wellstead,Pork Tenderloin,Food - Meat,21,876.8,5887.67,8/29/2021,7/22/2021,Credit Card,5944 Kenwood Place,Ilhéus,Brazil
271,Lonnie Corsan,Decorative Throw Pillows,Home,28,491.47,6262.88,9/23/2021,2/3/2021,Cash,7 Armistice Plaza,Mississauga,Canada
272,Barbi Grosvener,Pet Hair Vacuum Cleaner Attachment,Pets,25,600.12,61.11,7/25/2021,10/19/2021,Cash,2616 Forest Crossing,Saint-Étienne,France
273,Myra Ravenhills,Pumpkin Spice Latte Mix,Food - Beverages,56,377.36,4468.47,12/23/2021,4/3/2021,Online Payment,88 Toban Hill,Bacuyangan,Philippines
274,Michaela Grigsby,Cotton Tote Bag Set,Accessories,33,310.38,1552.63,11/19/2021,8/5/2021,Credit Card,53809 Briar Crest Circle,Zdiby,Czech Republic
275,Georg Pengelly,Chic Jumpsuit,Clothing - Jumpsuits,64,204.35,2882.18,7/2/2021,8/11/2021,Cash,5 Butterfield Hill,Trajouce,Portugal
276,Darb Guillot,Thai Green Curry Paste,Food - Sauces,43,737.37,4263.83,8/13/2021,6/10/2021,Credit Card,4884 Superior Court,Martin,Croatia
277,Winny Cummine,Ice Cream Scoop,Kitchen,40,426.89,7027.21,7/31/2021,8/29/2021,Credit Card,33 Loomis Park,San Nicolas,Philippines
278,Vidovik Roset,Noise-Canceling Headphones,Audio,64,565.89,9244.76,1/31/2021,12/7/2021,Online Payment,67 Division Court,Hudong,China
279,Anabella Bettleson,Magnetic Curtain Tiebacks,Home,38,421.07,5207.65,6/12/2021,11/20/2021,Credit Card,389 Lien Hill,Ţafas,Syria
280,Odetta Chopy,Aged White Cheddar Popcorn,Food - Snacks,98,562.38,5638.96,8/26/2021,9/8/2021,Online Payment,4032 Anhalt Drive,Fukadale,Indonesia
281,Sallyanne Hallbird,Rice Noodles,Food - Grains,40,175.27,130.37,9/18/2021,12/10/2021,Online Payment,42 Anniversary Junction,Blawi,Indonesia
282,Olivia Raynes,Collapsible Storage Crates,Home,82,473.27,8734.39,5/9/2021,10/22/2021,Credit Card,64 Texas Place,Gadzhiyevo,Russia
283,Linet Murrigans,Dog Collar,Pets,18,105.73,7196.72,2/22/2021,8/12/2021,Cash,76 Warner Parkway,Rokytnice,Czech Republic
284,Elberta Blackeby,Wall Calendar,Home,62,484.37,2740.55,6/10/2021,8/29/2021,Online Payment,8 Canary Terrace,Margoyoso,Indonesia
285,Sharon Latimer,Spaghetti Sauce,Food - Canned Goods,32,848.92,5909.72,10/29/2021,7/19/2021,Online Payment,64152 Summerview Court,Gostyń,Poland
286,Rebeca Boarder,Graphic Tee,Clothing,77,203.66,6989.53,8/3/2021,12/17/2021,Online Payment,9 Manitowish Parkway,Trelleborg,Sweden
287,Vittorio Trubshaw,Aeropress Coffee Maker,Kitchen,82,893.98,540.39,6/17/2021,5/22/2021,Online Payment,8 Brown Pass,Nizhnepavlovka,Russia
288,Derby MacKonochie,Mixed Nuts,Food - Snacks,99,184.49,7560.15,11/27/2021,9/23/2021,Online Payment,5184 Stuart Drive,Tsubame,Japan
289,Row Stockhill,Creamy Tomato Basil Soup,Food - Canned Goods,94,216.38,5350.67,8/27/2021,4/13/2021,Credit Card,717 Lighthouse Bay Road,Poções,Brazil
290,Alexander Hellmer,Sliced Provolone Cheese,Food - Dairy,21,171.01,4778.76,3/17/2021,5/7/2021,Online Payment,567 Dunning Alley,Būrabay,Kazakhstan
291,Rosaleen Mannooch,Marinara Sauce,Food - Condiments,23,50.79,4184.47,8/5/2021,9/25/2021,Online Payment,97 Blue Bill Park Pass,Bezons,France
292,Zilvia Allardyce,Peanut Butter Chocolate Clusters,Food - Desserts,75,799.11,1398.1,10/6/2021,6/27/2021,Cash,402 Milwaukee Point,Tangkil,Indonesia
293,Krista Friary,Vegetable Potstickers,Food - Frozen Food,15,198.49,3947.46,11/24/2021,5/27/2021,Online Payment,1617 Crowley Pass,Arnhem,Netherlands
294,Lona Rustan,Wild Rice & Quinoa Mix,Food - Grains,73,500.59,1123.86,12/5/2021,10/25/2021,Online Payment,49996 Packers Circle,Mogilany,Poland
295,Lorena Zanutti,Pet Travel Bowl,Pets,68,90.73,6096.52,9/17/2021,1/14/2021,Online Payment,647 Service Way,Icononzo,Colombia
296,Luciano Eastby,Portable Pet Stroller,Pets,81,129.42,8136.02,6/18/2021,12/25/2021,Cash,4 Hoepker Circle,Xia Dawo,China
297,Nedda Stathers,Ethically-Sourced Coffee Beans,Food - Beverages,92,671.88,1939.52,11/7/2021,3/15/2021,Online Payment,20 Monterey Parkway,Boncis,Indonesia
298,Tiffanie Arunowicz,Salsa Verde,Food - Condiments,40,496.5,7457.96,9/10/2021,7/2/2021,Credit Card,0 Schurz Road,Gobojango,Botswana
299,Serge Grene,Foot Massager,Health,74,581.72,7155.43,1/25/2021,8/5/2021,Cash,0207 Graedel Pass,Burirao,Philippines
300,Cobby Gossington,Gaming Headset,Gaming,73,45.07,953.45,8/21/2021,1/16/2021,Online Payment,89 Elka Street,Reggio Calabria,Italy
301,Missy Speed,Mini Air Purifier,Health,70,571.5,8331.54,3/18/2021,11/1/2021,Credit Card,24 Lunder Street,Gaobeijie,China
302,Binni Kamienski,Outdoor Adventure Kit,Outdoor,91,165.27,9994.09,11/17/2021,1/6/2021,Online Payment,19768 Clemons Avenue,Pulap,Micronesia
303,Gabriel Kew,Feta Cheese Crumbles,Food - Dairy,27,491.57,7757.68,3/26/2021,5/2/2021,Credit Card,2 Stone Corner Drive,Bohorodchany,Ukraine
304,Lyman Beams,Kids' Crafting Station,Toys,81,35.09,4839.44,1/17/2021,11/9/2021,Online Payment,79899 Prentice Point,Providencia,Mexico
305,Milty Mordanti,Reusable Produce Bags Set,Kitchen,54,740.78,8612.09,9/29/2021,9/16/2021,Cash,3 3rd Center,Hongwei,China
306,Bert Hedau,Luxury Yoga Mat,Fitness,35,605.91,5837.62,4/10/2021,11/7/2021,Credit Card,10 Spohn Way,Shibetsu,Japan
307,Grady Sandercock,Frozen Hash Browns,Food - Frozen Foods,99,660.38,8349.38,7/13/2021,3/8/2021,Cash,666 Westerfield Trail,Titao,Burkina Faso
308,Corissa Cameli,Training Soccer Ball,Sports,33,257.32,380.9,11/11/2021,4/27/2021,Credit Card,07483 Kennedy Center,Plyeshchanitsy,Belarus
309,Germain Nutten,Honey Graham Crackers,Food - Snacks,80,234.19,4212.38,7/4/2021,4/5/2021,Online Payment,7620 Little Fleur Hill,Baliang,China
310,Amity Gronno,Cucumber Relish,Food - Condiments,31,427.46,9827.74,8/17/2021,3/15/2021,Online Payment,73 Ramsey Junction,Canjulao,Philippines
311,Timi Plesing,Wall Art Stickers,Home,62,250.22,2420.94,1/19/2021,8/7/2021,Cash,8 Katie Trail,Banjar Kawan,Indonesia
312,Etheline Hansill,Coconut Bowls Set,Kitchen,13,98.22,4049.1,12/25/2021,2/16/2021,Cash,73 Mcbride Park,Jiyukou,China
313,Issi Whorton,Self-Adhesive Wallpaper,Home,47,541.47,9165.59,11/14/2021,9/1/2021,Cash,0 Springs Place,Dingqiao,China
314,Ellis Blewett,Graphic Print Leggings,Clothing - Activewear,8,222.37,8629.37,9/22/2021,7/14/2021,Cash,356 Caliangt Center,Barrouallie,Saint Vincent and the Grenadines
315,Minta Hrinchishin,Portable Pet Water Bottle,Pets,86,392.07,800.89,2/17/2021,4/21/2021,Online Payment,2 Reinke Place,Robīt,Ethiopia
316,Deonne Cosely,Pet Reflective Vest,Pets,100,560.75,8305.48,11/17/2021,8/2/2021,Cash,979 Daystar Drive,Illéla,Niger
317,Leeanne Brockhurst,Honey Roasted Almonds,Food - Snacks,2,662.8,2632.1,3/7/2021,8/10/2021,Online Payment,0918 Westport Point,Hiji,Japan
318,Erma Taffie,Noise Cancelling Ear Muffs,Safety,80,301.11,1664.0,3/31/2021,2/14/2021,Credit Card,59654 Pine View Place,Caxarias,Portugal
319,Rafaello Cowper,Crispy Tofu Bites,Food - Protein,58,558.82,8990.28,1/13/2021,6/20/2021,Online Payment,5 Manley Street,Yamoto,Japan
320,Juliet Barfitt,Car Trash Can,Automotive,64,158.21,7982.42,8/7/2021,11/9/2021,Credit Card,46855 Atwood Circle,Elimäki,Finland
321,Katleen Ledley,Electric Skillet,Kitchen,20,374.04,8652.24,8/28/2021,6/17/2021,Cash,34970 Crescent Oaks Plaza,Houston,United States
322,Charmion Pitchford,Whole Wheat Pasta,Food - Grains,44,153.41,3116.81,5/25/2021,3/22/2021,Online Payment,7658 Nevada Drive,Yelenendorf,Azerbaijan
323,Angy Monnelly,Crispy Rice Treats,Food - Snacks,94,341.59,3799.58,2/24/2021,8/15/2021,Online Payment,21 Almo Place,Taoyuan,China
324,Catha Mulliner,Falafel Mix,Food - Baking & Cooking,63,892.3,4300.94,3/29/2021,5/1/2021,Credit Card,57 Canary Hill,Boconó,Venezuela
325,Jewelle MacKerley,Sesame Noodles,Food - Grab-and-Go,24,983.17,9452.72,11/4/2021,7/9/2021,Online Payment,01 Bay Way,Shaoha,China
326,Frans Dewes,Weighted Blanket,Health,41,962.21,6623.09,4/28/2021,1/12/2021,Cash,4148 2nd Place,Manalongon,Philippines
327,Karil Wheaton,Smartphone Camera Lens Kit,Photography,97,858.92,4939.83,11/25/2021,4/1/2021,Cash,792 Dunning Lane,Yongxing,China
328,Gwenore Camfield,Crispy Rice Treats,Food - Snacks,75,525.7,7476.11,3/16/2021,9/3/2021,Credit Card,696 Toban Circle,Tetandara,Indonesia
329,Mildrid Yacob,Adjustable Laptop Desk,Office,58,627.27,2878.84,8/14/2021,6/21/2021,Online Payment,107 Marcy Plaza,Shirgjan,Albania
330,Lidia Coxall,Car Escape Tool,Automotive,64,36.8,3937.09,11/5/2021,9/16/2021,Cash,1 Bartelt Drive,Danderyd,Sweden
331,Donalt Mooreed,Peach Fruit Cups,Food - Snacks,19,345.19,7718.36,9/19/2021,9/21/2021,Online Payment,216 Fisk Road,Ribeirão da Ilha,Brazil
332,Andi Chalcroft,Asian Salad Mix,Food - Produce,43,213.76,4648.95,7/22/2021,5/20/2021,Credit Card,0 Glacier Hill Road,Trairi,Brazil
333,Jaquith Espina,Peach Slices (canned),Food - Canned Goods,62,742.34,399.76,4/14/2021,7/2/2021,Credit Card,68 Portage Point,Arnhem,Netherlands
334,Chrystal MacAleese,Potting Soil,Garden,3,292.98,3530.21,4/5/2021,1/24/2021,Credit Card,37158 Melrose Crossing,Kiten,Bulgaria
335,Thea Burnsides,Floral Wrap Top,Clothing - Tops,82,602.23,7415.34,12/4/2021,7/27/2021,Online Payment,3 Spohn Circle,Jingzhou,China
336,Claudianus Sturley,Digital Voice Recorder,Electronics,78,219.35,4807.64,10/23/2021,1/3/2021,Online Payment,51 Grayhawk Way,Liushi,China
337,Adrian Tomasik,Handcrafted Wooden Coasters,Home,17,931.31,1065.33,2/20/2021,2/11/2021,Credit Card,933 Barnett Parkway,Río de Oro,Colombia
338,Dukey Blower,Craft Beer Mustard,Food - Condiments,93,879.28,5935.39,9/4/2021,4/30/2021,Cash,3 Barnett Road,Holice,Czech Republic
339,Rina Massingham,Plant Watering Spikes,Garden,9,412.11,6073.73,12/6/2021,11/14/2021,Online Payment,67809 Riverside Court,Yantian,China
340,Abbott Crankhorn,Pepperoni Pizza Rolls,Food - Snacks,72,931.36,4340.59,11/29/2021,8/8/2021,Credit Card,183 Blue Bill Park Lane,Villa Urquiza,Argentina
341,Kary Staples,Mini Food Processor,Kitchen,91,548.45,1671.73,6/7/2021,3/22/2021,Cash,28831 Carey Terrace,Tolbazy,Russia
342,Ketty Greeno,Satin Slip Dress,Clothing - Dresses,95,82.55,3775.71,1/2/2021,12/12/2021,Online Payment,9 Fisk Circle,Narutochō-mitsuishi,Japan
343,Gordie Whotton,Almond Joy Protein Bars,Food - Snacks,98,959.86,9891.28,2/17/2021,7/4/2021,Cash,131 Tennessee Center,Trollhättan,Sweden
344,Cyrus Darben,Inflatable Pool Float,Outdoor,34,435.78,9710.82,5/24/2021,6/28/2021,Credit Card,773 Hovde Crossing,Sebba,Burkina Faso
345,Justina Wildbore,Electric Toothbrush,Health,6,115.12,9223.71,12/17/2021,9/15/2021,Credit Card,181 Union Alley,Mantar,Indonesia
346,Eadie Olivari,Portable Projector,Electronics,47,402.16,838.36,2/3/2021,5/17/2021,Online Payment,1 Meadow Valley Trail,Bogorodskoye,Russia
347,Lorianna Nerney,Puzzle Mat,Toys,19,986.29,8860.06,4/12/2021,10/24/2021,Online Payment,63624 Charing Cross Plaza,Nowe Warpno,Poland
348,Corabelle Gerraty,Creamy Ranch Dressing,Food - Dressings,34,537.98,2610.89,3/22/2021,6/11/2021,Cash,78 Ridge Oak Park,Adorjan,Serbia
349,Patricio Bissell,Eco-Friendly Notepad,Office,31,210.74,2366.87,11/26/2021,3/8/2021,Credit Card,857 Forest Center,Leninskiy,Russia
350,Chiquia Harefoot,Smartphone Projector,Electronics,10,299.1,5003.76,11/9/2021,12/22/2021,Online Payment,67314 Stone Corner Pass,Hallstahammar,Sweden
351,Elbertine Peck,Pet Travel Bed,Pets,97,234.84,7670.18,7/17/2021,11/28/2021,Online Payment,2 Maryland Center,Saint-Jean-de-Monts,France
352,Win Reyne,Spicy Roasted Nuts,Food - Snacks,50,280.06,1223.37,9/28/2021,4/22/2021,Cash,80412 Towne Avenue,Brodokalmak,Russia
353,Roberta McCarry,Creamy Garlic Dressing,Food - Condiments,36,407.01,5205.05,7/8/2021,1/7/2021,Credit Card,9 Elmside Court,Carolina,Brazil
354,Myca Forty,Teriyaki Chicken Skewers,Food - Meat,6,461.05,7146.7,8/21/2021,4/16/2021,Cash,89877 Roxbury Circle,Myasnikyan,Armenia
355,Mattie Franseco,Waffle Maker,Kitchen,18,787.76,5535.51,11/11/2021,7/20/2021,Cash,646 Hagan Center,Kosmonosy,Czech Republic
356,Anabel Verheyden,Savory Italian Herbs,Food - Spices,96,673.96,1502.75,12/10/2021,8/31/2021,Online Payment,8660 Debs Road,Rio Negrinho,Brazil
357,Salomo Witherow,Mini Waffle Maker,Kitchen,69,608.74,1333.57,1/18/2021,3/4/2021,Credit Card,32130 Logan Road,Penza,Russia
358,Corbet Goathrop,3D Night Light,Home,52,309.11,2542.73,11/16/2021,12/5/2021,Online Payment,9136 Hoard Alley,Uherský Ostroh,Czech Republic
359,Spencer Gatiss,Honeycrisp Apple Chips,Food - Snacks,35,577.04,2331.2,12/15/2021,4/27/2021,Cash,30 Marquette Avenue,Ifanes,Portugal
360,Gerty Crucetti,Recipe Book Stand,Kitchen,91,410.58,7885.43,5/13/2021,7/8/2021,Credit Card,2541 Blackbird Court,Nakhabino,Russia
361,Ulrikaumeko Olenov,Educational STEM Kit,Toys,1,869.93,9360.31,11/22/2021,12/7/2021,Cash,0 Sachtjen Drive,Mošorin,Serbia
362,Nana McCaw,Caramel Sauce,Food - Condiments,93,893.07,9054.27,2/20/2021,8/18/2021,Cash,97 Forest Point,Danxia,China
363,Ingram Frossell,Maple Pecan Granola,Food - Breakfast,49,385.61,8472.74,5/28/2021,1/11/2021,Cash,84488 Village Green Junction,Carvalhais,Portugal
364,Alecia Cassel,Pet Tracking Collar,Pets,42,359.64,7430.82,10/2/2021,1/9/2021,Online Payment,26 Kensington Center,Jurh,China
365,Ingram Yakunkin,Creamy Coleslaw Mix,Food - Produce,72,379.63,6713.69,2/17/2021,4/26/2021,Credit Card,6906 Waywood Crossing,Oravais,Finland
366,Shamus Argont,Matcha Green Tea Powder,Food - Beverages,84,833.08,6430.37,7/27/2021,10/24/2021,Online Payment,811 Sutherland Junction,Quebrada Larga,Honduras
367,Reinhold Sagerson,Canvas Tote Bag,Clothing - Accessories,97,786.79,3154.34,4/30/2021,9/14/2021,Cash,130 Hayes Place,Montpellier,France
368,Mirilla Laimable,Sushi Rice,Food - Grains,8,863.74,9522.35,3/2/2021,4/5/2021,Credit Card,00 Continental Drive,Zhengchang,China
369,Caresa Loghan,Children's Art Set,Toys,36,413.75,1558.65,7/5/2021,3/23/2021,Online Payment,8 Macpherson Road,Ladner,Canada
370,Wit Simner,LED Christmas Tree Lights,Home,7,681.12,2345.33,5/10/2021,2/17/2021,Credit Card,61 Spohn Street,Springbok,South Africa
371,Greg Orrow,Vegan Mayonnaise,Food - Condiments,22,358.11,8521.96,2/7/2021,9/1/2021,Online Payment,5 Schlimgen Lane,Congonhas,Brazil
372,Eartha Hawkey,Portable Pet Water Bottle,Pets,64,545.57,7832.41,6/5/2021,12/17/2021,Credit Card,8731 Old Shore Plaza,Dalamdesa Kalapadua,Indonesia
373,Ben Fetherstonhaugh,Sweet Potato Mash,Food - Frozen Foods,74,302.66,3805.05,10/28/2021,2/10/2021,Cash,1098 Eagle Crest Terrace,Ta‘izz,Yemen
374,Sacha Kerridge,Tomato Sauce,Food - Canned Goods,10,347.63,5109.83,8/6/2021,2/16/2021,Online Payment,5 Schiller Street,Zhatay,Russia
375,Hugh Sugar,Pesto Pasta Sauce,Food - Sauces,5,798.6,3145.26,1/2/2021,2/17/2021,Credit Card,5 Waywood Pass,Beloostrov,Russia
376,Alethea Culter,Frozen Mixed Berries,Food - Frozen Foods,58,387.47,8232.82,10/17/2021,8/8/2021,Online Payment,5 Glendale Point,Preobrazhenka,Ukraine
377,Roxanne Guillard,Mediterranean Chickpea Bowl,Food - Prepared Foods,12,50.02,1585.87,7/21/2021,3/27/2021,Credit Card,9353 Express Point,Karlskoga,Sweden
378,Findlay Izzatt,Stainless Steel Grater,Kitchen,91,621.07,7614.17,6/25/2021,9/12/2021,Online Payment,1 Del Sol Pass,Liuhe,China
379,Sheena Maase,Bamboo Utensil Holder,Kitchen,71,705.65,6510.56,8/23/2021,11/7/2021,Cash,548 Warbler Pass,Du’ermenqin,China
380,Reade Benduhn,Yoga Mat Carrier,Fitness,62,928.82,8411.51,3/20/2021,11/12/2021,Cash,74291 Union Alley,Fier,Albania
381,Kristian Laidler,Dish Soap Dispenser,Kitchen,64,919.88,4945.69,8/6/2021,7/2/2021,Cash,72 Nancy Center,Aquia,Peru
382,Darrin Varnals,Smartphone Tripod with Remote,Photography,98,476.78,5348.14,3/14/2021,5/30/2021,Cash,0341 Independence Court,Wanjia,China
383,Isacco Samworth,Organic Lentil Soup,Food - Soups,45,706.59,9642.52,3/27/2021,4/2/2021,Online Payment,8475 Dahle Court,Baguinge,Philippines
384,Eliza Pettingill,Herb Drying Rack,Garden,54,459.05,2885.1,5/5/2021,7/9/2021,Credit Card,2591 Schiller Alley,Wanglian,China
385,Nichols Grimbleby,Garden Tool Belt,Garden,100,321.81,9826.8,12/7/2021,4/10/2021,Online Payment,81 Onsgard Junction,Padangan,Indonesia
386,Rafi Goade,Breezy Off-The-Shoulder Top,Clothing - Tops,95,164.8,8317.28,3/30/2021,11/16/2021,Credit Card,76662 Vernon Lane,Kousséri,Cameroon
387,Teresina Armal,Tandoori Chicken Skewers,Food - Meat,25,519.04,2074.34,5/18/2021,5/14/2021,Online Payment,800 Myrtle Plaza,Huangze,China
388,Ruprecht Llewellen,Sweet BBQ Dipping Sauce,Food - Condiments,41,512.87,7490.25,7/7/2021,3/10/2021,Credit Card,158 Scoville Crossing,Wengaingo,Indonesia
389,Tim MacQuist,Herb-Infused Olive Oil,Food - Oils,82,434.77,7685.19,12/26/2021,11/19/2021,Cash,7817 Stone Corner Plaza,Puerto Morazán,Nicaragua
390,Spense Smedmoor,Herbed Couscous,Food - Grains,99,905.36,2336.24,1/11/2021,3/31/2021,Cash,91 5th Lane,Zhexiao,China
391,Michele Matthewman,Italian Marinara Sauce,Food - Sauces,36,15.5,9746.01,10/26/2021,12/25/2021,Online Payment,94 Carioca Pass,Xinji,China
392,Stephine Parysiak,Herbal Garden Starter Kit,Garden,74,641.9,2574.44,6/9/2021,7/8/2021,Credit Card,54 Rockefeller Way,Reshui,China
393,Janie Lelande,Travel Orthopedic Pillow,Travel,61,333.49,9624.5,11/11/2021,10/14/2021,Cash,11 Saint Paul Pass,Agua Buena,Panama
394,Edgar Garratty,Sporty Cap,Clothing - Accessories,12,615.09,5550.0,12/26/2021,10/14/2021,Online Payment,12655 Hooker Crossing,Tsybli,Ukraine
395,Vinson Brisard,Sports Windbreaker,Clothing - Outerwear,94,586.96,2705.83,3/31/2021,2/3/2021,Online Payment,7 Parkside Hill,Jieshi,China
396,Leodora Ferrettino,Wireless Mouse,Electronics,47,47.43,9693.38,9/22/2021,6/17/2021,Credit Card,98602 Hanover Drive,Makueni,Kenya
397,Brita Bradbrook,Foot Massager Machine,Health,34,295.26,228.49,10/10/2021,10/16/2021,Online Payment,43 Maple Park,Las Varillas,Argentina
398,Jeniece Crolly,Multifunctional Baby Bottle Warmer,Baby,73,88.33,258.7,2/24/2021,12/21/2021,Credit Card,9414 Toban Trail,Sukamulia,Indonesia
399,Wayland Blaxeland,Peach Fruit Cups,Food - Snacks,4,589.02,4860.19,2/11/2021,7/27/2021,Credit Card,46 Lunder Street,Nanhai,China
400,Lynnelle Raspel,Sweet Potato Mash,Food - Frozen Foods,24,544.59,5863.68,1/19/2021,11/16/2021,Cash,6 Arkansas Plaza,Tinambac,Philippines
401,Lu Fealy,Multi-Purpose Marine Rope,Outdoor,7,173.32,3008.91,5/25/2021,10/23/2021,Online Payment,80 Browning Point,Sabanitas,Panama
402,Arabel Owbrick,Tactical Backpack,Outdoor,86,524.97,2483.24,5/13/2021,2/2/2021,Cash,4 Golf Course Crossing,Ganhe,China
403,Bessie Paulisch,Vanilla Protein Powder,Food - Health/Protein,23,287.44,2620.87,12/13/2021,1/31/2021,Online Payment,747 Buhler Crossing,Vostochnyy,Russia
404,Jenilee Forgan,Hiking Gaiters,Outdoor,6,764.0,8921.88,7/27/2021,5/6/2021,Credit Card,343 Cordelia Avenue,Jiangkou,China
405,Llywellyn Layborn,Plaid Flannel Shirt,Clothing - Tops,76,32.25,243.67,11/24/2021,3/7/2021,Credit Card,11 Mandrake Plaza,Liên Chiểu,Vietnam
406,Marcy Shiers,Dark Chocolate Bars,Food - Snacks,77,643.89,9278.55,7/19/2021,1/19/2021,Online Payment,3 Loomis Plaza,Sonorejo,Indonesia
407,Christian Sandever,Wooden Toy Train Set,Toys,19,811.11,9658.51,1/28/2021,1/17/2021,Cash,8997 Dwight Crossing,Sarov,Russia
408,Miguel Semple,Orange Ginger Vinaigrette,Food - Condiments,98,724.54,8527.46,1/16/2021,2/26/2021,Online Payment,0 Browning Lane,Bailu,China
409,Adria Skeels,Cinnamon Sugar Tortilla Chips,Food - Snacks,86,540.26,2256.57,2/7/2021,2/22/2021,Online Payment,1277 Westridge Drive,Dagestanskiye Ogni,Russia
410,Ansley Scade,Frozen Vegetarian Pizza,Food - Frozen Meals,75,24.36,4193.62,9/14/2021,4/19/2021,Online Payment,8051 Scott Terrace,Loštice,Czech Republic
411,Nanette Yendall,Pumpkin Waffles,Food - Breakfast,85,32.73,3466.4,2/5/2021,4/24/2021,Credit Card,7542 Schlimgen Court,Pā’īn-e Bāzār-e Rūdbār,Iran
412,Jayme Iacomelli,Portable Electric Fan,Home,15,958.06,2882.21,7/24/2021,1/21/2021,Credit Card,089 Ilene Point,Sevan,Armenia
413,Sophey Miners,Fitbit Activity Tracker,Fitness,30,954.41,1576.11,6/6/2021,2/22/2021,Cash,5 Claremont Hill,Paraćin,Serbia
414,Minor Valek,Almond Flour Brownies,Food - Baking,67,115.66,7681.78,6/16/2021,3/21/2021,Cash,579 Heath Court,Jingling,China
415,Mimi Bloxsum,Leather Crossbody Bag,Clothing - Bags,27,833.61,3276.86,4/11/2021,10/3/2021,Cash,45 Montana Court,Belovodskoye,Kyrgyzstan
416,Chloris Bride,Raisin Cinnamon Granola,Food - Cereals,71,208.43,2936.97,4/19/2021,1/30/2021,Online Payment,0 Butterfield Crossing,Yaring,Thailand
417,Wainwright Hanigan,Organic Coconut Flour,Food - Baking,22,432.63,3814.2,2/27/2021,4/30/2021,Credit Card,66251 Hallows Court,Melekeok Village,Palau
418,Sophronia Tomashov,Electric Heat Pad,Health,52,199.0,1147.52,1/24/2021,9/19/2021,Credit Card,4023 Ruskin Trail,Skrwilno,Poland
419,Nadine Birchall,Bamboo Toothbrush,Health,6,663.28,6404.11,2/25/2021,11/30/2021,Cash,8688 Dixon Street,Montpellier,France
420,Sinclair Bellefonte,Tactical Backpack,Outdoor,21,567.62,8767.84,3/22/2021,4/1/2021,Cash,85263 Debs Trail,Herzliya Pituah,Israel
421,Jeremy Klebes,Spicy Kimchi,Food - Condiments,33,171.59,821.99,1/12/2021,12/23/2021,Credit Card,03 Mayer Terrace,Krojo,Indonesia
422,Beatrix Chieco,Soft Plush Throw Blanket,Home,79,208.78,6706.93,6/22/2021,5/30/2021,Online Payment,5 Forest Pass,Muzayri‘,United Arab Emirates
423,Cori Sanson,Spinach and Cheese Quiche,Food - Prepared Meals,92,672.58,2952.48,8/26/2021,4/3/2021,Cash,5761 Scofield Crossing,Zhangcaizhuang,China
424,Glynis Brushneen,Outdoor Portable Fire Pit,Outdoor,23,352.57,6417.57,9/1/2021,1/22/2021,Cash,6967 Pearson Trail,Nieszawa,Poland
425,Jerrome Woolerton,Personalized Keychain,Accessories,60,595.3,634.12,2/25/2021,9/14/2021,Online Payment,43605 Vermont Place,Rossosh’,Russia
426,Juan Vanyukhin,Pepperoni Pizza Rolls,Food - Snacks,80,328.96,9571.79,7/27/2021,9/10/2021,Cash,0 Karstens Street,Ridderkerk,Netherlands
427,Philomena Barszczewski,Insulated Lunch Bag,Kitchen,35,89.39,1378.58,3/11/2021,4/8/2021,Online Payment,51944 Straubel Hill,Sacramento,United States
428,Hirsch Lemmen,Classic Baseball Cap,Clothing - Accessories,3,613.4,5986.98,1/20/2021,12/18/2021,Online Payment,78 Delaware Park,Quinta,Portugal
429,Leonelle Hassewell,Cold Brew Coffee Maker,Kitchen,38,359.23,5668.73,8/14/2021,2/22/2021,Cash,3 Mandrake Way,Les Coteaux,Canada
430,Darren Briand,Pressure Washer Accessories Kit,Home Improvement,45,648.53,8170.35,12/27/2021,9/20/2021,Online Payment,76 Waxwing Terrace,San Marcos,Peru
431,Emmott Ortas,Ribbed Knit Dress,Clothing - Dresses,17,640.82,3583.18,11/21/2021,6/27/2021,Credit Card,96422 Sheridan Point,Dalinhe,China
432,Hendrik Pinwill,Ginger Snaps,Food - Confectionery,81,568.8,3584.98,8/20/2021,8/29/2021,Credit Card,3 Hintze Crossing,Mbandaka,Democratic Republic of the Congo
433,Ronni Keppin,Potato Wedge Seasoning,Food - Condiments,92,457.4,9293.87,6/8/2021,11/3/2021,Cash,596 Mandrake Center,Trinity,Saint Kitts and Nevis
434,Yul Blamires,Sweet Potato Tots,Food - Frozen Foods,18,63.14,5964.64,12/20/2021,1/3/2021,Online Payment,9 Surrey Lane,Lhoknga,Indonesia
435,Rennie Barden,Air Fryer Oven,Kitchen,27,475.1,3766.39,7/26/2021,8/14/2021,Online Payment,02 Summit Road,Wādī as Salqā,Palestinian Territory
436,Dallon Heinel,Insulated Coffee Mug,Kitchen,35,345.85,9028.14,3/6/2021,5/6/2021,Online Payment,6267 Merchant Avenue,Esplanada,Brazil
437,Garner Lowman,Eco-Friendly Cleaning Cloths,Home,30,185.11,3188.18,10/27/2021,8/29/2021,Cash,552 Memorial Parkway,Frederiksberg,Denmark
438,Lettie Deneve,Cream Cheese,Food - Dairy,2,28.85,8218.48,6/20/2021,4/17/2021,Credit Card,83044 Vera Crossing,Cortes,Philippines
439,Dulcea Montfort,Canvas High-Top Sneakers,Clothing - Footwear,52,525.11,1414.4,2/16/2021,8/18/2021,Online Payment,81 Burrows Plaza,Janowice,Poland
440,Eileen O'Dooghaine,Blueberry Chia Jam,Food - Spreads,34,152.75,3181.46,4/14/2021,3/30/2021,Cash,59219 Dakota Place,Krajan Pakel,Indonesia
441,Kenneth Tape,Smartphone Photography Ring Light,Photography,96,458.56,9442.06,4/15/2021,11/28/2021,Cash,3 Vernon Place,Stockholm,Sweden
442,Guglielmo Outridge,Vegetable and Cheese Quesadillas,Food - Frozen,91,975.28,1951.99,3/4/2021,10/26/2021,Online Payment,26 Waubesa Point,Parumaan,Indonesia
443,Randi Nobriga,Personalized Keychain,Accessories,44,540.74,9938.73,4/23/2021,1/15/2021,Credit Card,1656 Utah Plaza,Al Wardānīn,Tunisia
444,Ofelia McInally,Italian Marinara Sauce,Food - Sauces,95,486.7,1153.32,7/1/2021,3/2/2021,Cash,509 Redwing Avenue,Lazdijai,Lithuania
445,Agustin Guidelli,Sliced Cucumbers,Food - Produce,42,470.12,6578.18,9/23/2021,2/2/2021,Credit Card,79517 Weeping Birch Way,Hualongyan,China
446,Mathilde Bushby,Herb Seasoned Couscous,Food - Grains,9,328.23,5050.39,10/2/2021,4/23/2021,Cash,83 Dovetail Parkway,Xiaohenglong,China
447,Genvieve Fake,Floral Wrap Top,Clothing - Tops,10,85.17,8947.85,8/4/2021,7/2/2021,Cash,502 Lakewood Street,Kasungu,Malawi
448,Emlynne Yemm,LED Makeup Mirror,Beauty,5,444.54,9293.26,9/10/2021,3/6/2021,Credit Card,3455 Schurz Pass,Strellc i Ulët,Kosovo
449,Ardine Francie,Kitchen Knife Sharpening System,Kitchen,35,605.23,204.75,7/17/2021,7/21/2021,Credit Card,31 Loftsgordon Pass,Tocha,Portugal
450,Willy Gerholz,Pepper Jack Cheese Sticks,Food - Snacks,33,377.68,6360.04,10/14/2021,7/28/2021,Cash,71812 Green Ridge Terrace,Lipnica,Poland
451,Cass Fipp,Electric Wine Opener,Kitchen,60,521.61,469.73,7/20/2021,3/9/2021,Cash,2 Portage Circle,Oklahoma City,United States
452,Konstanze Skocroft,Garden Kneeler and Seat,Garden,54,906.35,5734.22,4/16/2021,2/9/2021,Online Payment,62095 Crownhardt Junction,Dafeng,China
453,Auberta Shannon,Herbal Garden Starter Kit,Garden,7,880.72,1749.92,8/15/2021,8/9/2021,Credit Card,84 Alpine Parkway,Vista Alegre,Portugal
454,Anders Dearnaley,Chipotle Lime Salsa,Food - Condiments,96,298.76,666.73,8/23/2021,11/26/2021,Cash,3951 Stoughton Alley,Mitrofanovka,Russia
455,Emmy Mulberry,Memory Card,Storage,42,693.06,9223.34,6/22/2021,6/29/2021,Online Payment,2533 Holy Cross Center,Nelspruit,South Africa
456,Mark Ellum,Portable Phone Mug Holder,Automotive,68,932.52,8298.94,7/26/2021,6/6/2021,Online Payment,2610 Forest Run Place,Tembol,Indonesia
457,Marni Withringten,Honey Sesame Chicken Mix,Food - Frozen Meals,5,7.35,6072.71,2/21/2021,1/28/2021,Online Payment,93047 Colorado Alley,Daleman,Indonesia
458,Linn Bilston,Apple Juice,Food - Beverages,10,935.21,1049.97,9/15/2021,10/26/2021,Credit Card,3686 Dryden Center,Empedrado,Argentina
459,Melisa Lubman,Travel Mug,Kitchen,32,886.85,1188.02,7/2/2021,3/7/2021,Cash,252 Garrison Trail,Piñas,Ecuador
460,Reilly Smidmor,Apple Cinnamon Breakfast Muffins,Food - Bakery,92,821.47,4511.63,7/22/2021,2/14/2021,Cash,83816 Michigan Point,Ilinden,Macedonia
461,Casandra Winckles,Classic Caesar Dressing,Food - Condiments,47,819.3,4194.84,9/30/2021,5/23/2021,Online Payment,63293 Coleman Parkway,Léo,Burkina Faso
462,Solomon Gentle,Vegetarian Chili,Food - Canned Goods,99,401.39,1708.53,10/23/2021,6/12/2021,Online Payment,7 Cambridge Pass,Umeå,Sweden
463,Miguelita McMaster,Italian Marinara Sauce,Food - Sauces,75,754.53,8232.31,11/16/2021,3/18/2021,Online Payment,97 Red Cloud Parkway,Kirovsk,Russia
464,Diann Endersby,Travel Pillow with Memory Foam,Travel,33,507.1,7844.18,5/16/2021,3/20/2021,Cash,56 Anzinger Road,Eišiškės,Lithuania
465,Agnesse Slobom,Men's Waterproof Hiking Boots,Footwear,54,466.79,339.12,3/3/2021,1/1/2021,Online Payment,697 Aberg Way,Novyy Starodub,Ukraine
466,Clerkclaude Drummer,Memory Foam Mattress Topper,Home,46,9.34,3289.28,10/30/2021,8/31/2021,Online Payment,21 Banding Road,Zaghouan,Tunisia
467,Zared Maraga,Beef Enchilada Casserole,Food - Prepared Meals,58,534.14,4731.46,12/28/2021,9/1/2021,Online Payment,89 Glendale Plaza,Velyka Mykhaylivka,Ukraine
468,Mimi Eubank,Wireless Range Extender,Electronics,59,100.21,1237.12,1/4/2021,2/20/2021,Cash,0026 Summit Way,Qingjiang,China
469,Ros Geeson,Creamy Avocado Dip,Food - Snacks,71,524.43,7046.5,2/25/2021,5/15/2021,Cash,93249 Oxford Drive,Temandangjero,Indonesia
470,Carlye Etienne,Apple Cinnamon Oatmeal,Food - Breakfast,33,729.5,9297.66,1/3/2021,12/1/2021,Credit Card,0321 Maple Wood Court,Irahuan,Philippines
471,Tanya Biesty,Caribbean Jerk Marinade,Food - Marinades,89,610.34,226.82,7/19/2021,7/8/2021,Credit Card,518 Fairfield Crossing,Molsheim,France
472,Daven Blain,Outdoor Picnic Blanket,Outdoor,33,312.55,6432.56,3/9/2021,6/25/2021,Credit Card,293 Darwin Avenue,Sankeng,China
473,Avrit Allbon,Wireless Earbuds,Audio,19,989.12,5431.61,3/13/2021,2/21/2021,Online Payment,1766 Rieder Plaza,Shazhouba,China
474,Timothee Janman,Honey Graham Crackers,Food - Snacks,4,689.57,70.02,1/25/2021,4/12/2021,Online Payment,00 Hintze Plaza,Vallentuna,Sweden
475,Charmine Sawood,Organic Coconut Flour,Food - Baking,44,903.86,3479.81,3/14/2021,1/1/2021,Credit Card,69 Sachtjen Trail,Alvaro Obregon,Mexico
476,Devonne Deerr,Organic Spinach,Food - Produce,97,892.63,5009.7,10/26/2021,5/11/2021,Cash,034 Sutherland Park,Ikey,Russia
477,Ranee Giraudoux,Frozen Berry Medley,Food - Frozen Foods,14,753.74,5104.62,4/6/2021,11/3/2021,Cash,1022 Elmside Park,Almargem do Bispo,Portugal
478,Meridel Arnold,Travel Sewing Kit,Travel,54,672.55,1027.66,5/30/2021,6/18/2021,Online Payment,0 Nobel Crossing,El Corozal,Honduras
479,Darsey Creek,Honey Garlic Chicken,Food - Meat,80,742.37,4330.53,9/18/2021,7/13/2021,Cash,9158 Darwin Point,Ipuh,Indonesia
480,Meier Gillam,Lemon Dill Salmon,Food - Seafood,75,356.54,8097.41,1/30/2021,1/24/2021,Credit Card,61171 Mandrake Court,Francisco I Madero,Mexico
481,Theo Cocks,Decorative LED Neon Sign,Home,28,123.4,2264.06,3/17/2021,8/21/2021,Credit Card,9298 Drewry Circle,Sarāb,Iran
482,Michaelina Seymark,Sweet Potato Tots,Food - Frozen Foods,91,743.63,6928.36,6/17/2021,8/3/2021,Cash,61111 Kingsford Terrace,Radzanów,Poland
483,Iain Zoppo,Fleece Throw Blanket,Home,95,290.16,4974.01,2/4/2021,6/27/2021,Cash,9 Granby Drive,Jardia,Portugal
484,Helene Dudley,Travel Document Organizer,Travel,57,351.31,5667.55,5/13/2021,8/15/2021,Cash,22 Hayes Plaza,Gaoliban,China
485,Vergil Durnin,Electric Toothbrush,Health,28,214.86,6729.64,10/18/2021,3/31/2021,Cash,05881 Sugar Lane,Parchal,Portugal
486,Dalila Low,Herb Drying Rack,Garden,1,100.0,4458.94,9/28/2021,11/6/2021,Cash,5857 Lindbergh Hill,Sapucaia,Brazil
487,Rorie Denzey,Portable UV Sterilizer,Health,49,783.52,4103.94,1/25/2021,6/30/2021,Online Payment,257 Oak Valley Road,Limbi,Comoros
488,Shay Keefe,Pet Water Bottle,Pets,7,498.91,679.04,5/19/2021,5/20/2021,Credit Card,1543 Esch Parkway,Gingsir,Indonesia
489,Jon Tripony,Frozen Pizza,Food - Frozen Foods,16,57.66,2099.4,5/3/2021,5/6/2021,Cash,38 Tennessee Road,Anserma,Colombia
490,Roanna Boncore,Desk Organizer Set,Office,41,805.63,6994.71,7/12/2021,4/27/2021,Cash,690 Eggendart Circle,Poroj,Macedonia
491,Harriette Showalter,Garden Tool Belt,Garden,5,12.45,9862.63,11/12/2021,8/16/2021,Cash,37 Carpenter Hill,Sadahayu,Indonesia
492,Oren Rey,Smart Fitness Scale,Fitness,60,284.94,8058.43,5/17/2021,3/3/2021,Online Payment,930 Pawling Junction,Mangqu,China
493,Jamey Sermin,Organic Granola,Food - Breakfast,6,398.0,4410.01,12/12/2021,7/4/2021,Online Payment,22195 Fairfield Terrace,Valle San Francisco,Nicaragua
494,Faye Wenham,Vegetable Fried Rice,Food - Frozen Foods,97,390.0,4623.26,6/20/2021,2/12/2021,Cash,6129 Macpherson Park,Tsalka,Georgia
495,Heather Worthington,USB-C Hub,Computers,45,426.07,7909.7,6/27/2021,4/19/2021,Cash,754 Norway Maple Plaza,Dajin,China
496,Axe MacEveley,Spicy Tuna Salad,Food - Seafood,26,934.78,1994.88,11/13/2021,12/8/2021,Cash,8 Tennyson Alley,Butou,China
497,Shawn Laverack,Teriyaki Sauce,Food - Condiments,32,583.63,4796.85,12/12/2021,4/14/2021,Credit Card,2854 Dapin Plaza,Capela,Brazil
498,Herman Dearnaley,Breathable Face Mask Set,Health,67,225.3,701.16,1/9/2021,12/7/2021,Online Payment,1194 Mayfield Hill,Arboga,Sweden
499,Willetta Hearn,Organic Coconut Flakes,Food - Baking,73,420.24,3026.48,3/21/2021,1/9/2021,Credit Card,3508 Kipling Pass,Bendilwungu Lor,Indonesia
500,Consolata McCurrie,Tomato Basil Pasta Sauce,Food - Sauces,68,644.97,9737.21,2/20/2021,6/27/2021,Cash,3 Sutherland Hill,Zaječov,Czech Republic
501,Derek Felstead,Electric Can Opener,Kitchen,47,533.75,3977.01,11/1/2021,9/26/2021,Cash,9 Lake View Terrace,El Mirador,Mexico
502,Sanford Winwood,Savory Rice Cakes,Food - Snacks,91,144.08,8502.84,11/3/2021,9/14/2021,Cash,9 Vermont Lane,Trondheim,Norway
503,Fleurette Netherwood,Luxury Memory Foam Mattress Topper,Home,6,501.3,5257.33,1/8/2021,4/3/2021,Online Payment,83 Hoepker Road,Lublin,Poland
504,Ferris Impleton,Honey Ginger Tea,Food - Beverages,43,958.17,3336.03,12/14/2021,3/11/2021,Credit Card,26383 Onsgard Way,El Calvario,Mexico
505,Peta Fleury,Raisin Cinnamon Granola,Food - Cereals,33,24.39,846.55,7/4/2021,5/31/2021,Cash,8532 Elka Drive,Sundre,Canada
506,Ody Jacobi,Rechargeable Laptop Battery Pack,Electronics,68,925.85,8540.57,10/10/2021,1/2/2021,Cash,31610 Goodland Park,Billdal,Sweden
507,Maitilde Grazier,Electric Meat Grinder,Kitchen,65,310.93,6975.9,6/24/2021,5/6/2021,Online Payment,85 Thackeray Hill,Vårgårda,Sweden
508,Gerti Curl,Cacao Powder,Food - Baking,66,697.38,2358.28,9/26/2021,8/14/2021,Cash,3 Marcy Junction,Napalitan,Philippines
509,Griffin Cholmondeley,Yoga Strap,Fitness,89,430.08,7526.75,6/26/2021,9/6/2021,Online Payment,16 Talisman Junction,Diaopu,China
510,Shannah Fyers,Electric Food Slicer,Kitchen,92,592.66,9446.41,4/29/2021,6/27/2021,Credit Card,973 Spaight Crossing,Ciekek,Indonesia
511,Brett Bande,Car Escape Tool,Automotive,96,665.42,6106.79,6/11/2021,10/29/2021,Cash,774 Ludington Crossing,Luz de Tavira,Portugal
512,Armin Kilty,Sliced Cucumbers,Food - Produce,14,533.39,7209.31,10/23/2021,11/13/2021,Credit Card,2 Eastlawn Avenue,Ústí nad Labem,Czech Republic
513,Cahra Rittmeyer,Denim Jacket,Clothing - Outerwear,48,379.66,8570.81,10/8/2021,6/24/2021,Credit Card,73742 Commercial Avenue,Itajuípe,Brazil
514,Mamie Yardy,Hot Dog Buns,Food - Bakery,14,907.33,7626.24,6/4/2021,2/26/2021,Cash,5195 Chinook Crossing,Neepawa,Canada
515,Katleen Pach,Baking Soda,Food - Baking,5,2.99,4403.32,7/7/2021,4/26/2021,Credit Card,395 Victoria Center,Maldonado,Uruguay
516,Raleigh Wyldbore,Compact Shoe Rack,Home,14,630.78,4210.19,3/8/2021,5/25/2021,Cash,94 Carpenter Alley,København,Denmark
517,Harald Mettrick,Classic Black Dress,Clothing - Dresses,33,864.53,70.29,5/8/2021,8/15/2021,Online Payment,84964 Spenser Way,Tangba,China
518,Alayne Seacroft,Coconut Chips,Food - Snacks,19,826.65,6107.26,3/11/2021,11/30/2021,Cash,57888 Iowa Trail,Capiíbary,Paraguay
519,Tiffi Harmer,Watercolor Brush Pens,Art Supplies,16,651.49,7642.77,4/2/2021,3/17/2021,Online Payment,8 Ronald Regan Lane,Miaoqian,China
520,Cherry Shutler,Streaming Device,Electronics,55,216.8,8036.22,8/22/2021,10/8/2021,Cash,6824 Ridge Oak Point,Avranches,France
521,Elsi Ascough,Sweet BBQ Dipping Sauce,Food - Condiments,26,238.83,7258.6,2/18/2021,8/25/2021,Online Payment,4323 Mallory Crossing,Smålandsstenar,Sweden
522,Tobin Salleir,Collapsible Pet Dog Bowl,Pets,26,898.01,2656.48,12/7/2021,7/23/2021,Credit Card,19 Washington Center,Francisco Villa,Mexico
523,Belva Sevin,Greek Feta Cheese,Food - Dairy,10,772.97,7771.39,11/27/2021,12/12/2021,Credit Card,6050 Burrows Way,Goraj,Poland
524,Matt Moores,Almond Flour,Food - Baking,92,341.79,905.54,5/11/2021,9/22/2021,Online Payment,6378 7th Crossing,Mandōl,Afghanistan
525,Isiahi De Nisco,Siphon Coffee Maker,Kitchen,54,481.91,8655.58,6/6/2021,9/9/2021,Credit Card,713 Holmberg Park,Khvalynsk,Russia
526,Brendis Cosely,Coconut Cream,Food - Baking & Cooking,79,219.29,1682.6,10/11/2021,3/29/2021,Cash,41896 Tennessee Court,Brakas,Indonesia
527,Remy Tiptaft,Organic Granola,Food - Breakfast,16,469.96,8183.36,3/22/2021,9/19/2021,Credit Card,2 Vernon Parkway,Dashiqiao,China
528,Dido Aymer,Vegetable Potstickers,Food - Frozen Food,26,38.08,4632.84,7/8/2021,1/11/2021,Credit Card,13 Center Avenue,Klutuk,Indonesia
529,Fiorenze Kilcullen,Electric Kettle,Kitchen,21,546.5,3475.68,6/18/2021,7/18/2021,Online Payment,94450 Kipling Junction,Malešići,Bosnia and Herzegovina
530,Abigail Elliss,Face Mask Set,Health,30,263.02,8249.77,4/1/2021,6/7/2021,Online Payment,8653 Golf Avenue,Yongyang,China
531,Spencer Skelington,Pecan Pie Filling,Food - Baking Goods,17,262.75,8324.0,12/3/2021,3/10/2021,Online Payment,1012 Jay Alley,Poteran,Indonesia
532,Bobbee Boylund,Reusable Coffee Filter,Kitchen,92,177.15,8869.96,7/26/2021,6/5/2021,Online Payment,38 Bluejay Drive,Euclides da Cunha,Brazil
533,Renault Barnhill,Travel Mug,Kitchen,87,892.51,8289.42,1/22/2021,7/15/2021,Cash,90499 Forest Run Hill,San Rafael Abajo,Costa Rica
534,Jedidiah Campsall,Wall-Mounted Bookshelf,Home,93,90.53,9293.56,12/14/2021,11/21/2021,Online Payment,918 Dwight Court,Pangkalanbunut,Indonesia
535,Noami Kenton,Coconut Cream Pie,Food - Bakery,21,878.79,9138.48,11/20/2021,1/25/2021,Credit Card,7716 Warner Crossing,Verkhniy Mamon,Russia
536,Minni Vaines,Self-Watering Planters,Garden,89,681.49,3048.17,12/17/2021,8/16/2021,Cash,95628 Manitowish Avenue,Pulong Sampalok,Philippines
537,Noel Chavey,Herbal Tea Infuser,Kitchen,74,691.29,8227.65,9/24/2021,6/5/2021,Cash,9302 Ridgeway Circle,Lagkadás,Greece
538,Karly Briat,Wire Shelving Unit,Home,25,342.34,1523.4,2/4/2021,10/5/2021,Online Payment,181 Sutteridge Junction,Kalumpang,Indonesia
539,Simone Claworth,Couscous Mix,Food - Grains,10,901.19,2344.63,6/1/2021,10/23/2021,Online Payment,83309 Carey Pass,Cela,Portugal
540,Sherye Howie,Peanut Butter Pretzel Nuggets,Food - Snacks,16,981.09,5807.16,9/3/2021,10/25/2021,Credit Card,395 Havey Center,Spånga,Sweden
541,Xenia Ingraham,Trainers with Mesh Inserts,Clothing - Footwear,73,461.98,1220.36,1/9/2021,7/25/2021,Credit Card,76254 Sloan Crossing,Ibrā’,Oman
542,Brandtr Parlour,Hiking Boots,Footwear,46,915.46,9243.08,12/27/2021,4/16/2021,Credit Card,037 Nevada Hill,Wang Nam Yen,Thailand
543,Wilma Deboick,Water Bottle,Fitness,92,849.34,8271.45,10/14/2021,7/3/2021,Credit Card,91 Warbler Road,Marathókampos,Greece
544,Linda Mauchline,Weighted Jump Rope with Counter,Fitness,18,826.97,3740.74,7/18/2021,7/4/2021,Cash,24 Texas Crossing,Ostrówek,Poland
545,Othilia Hefner,Vanilla Bean Greek Yogurt,Food - Dairy,9,110.27,9481.85,8/19/2021,11/27/2021,Cash,1 Canary Terrace,Xiangyang,China
546,Enriqueta Crunkhurn,Gardening Fairy Figurines,Garden,1,11.05,211.78,12/15/2021,8/23/2021,Online Payment,0972 Eastwood Circle,Santa Cruz,Portugal
547,Bryn Felce,Artisan Bread Loaf,Food - Bakery,72,640.73,6500.93,10/4/2021,5/8/2021,Online Payment,9 Delladonna Terrace,Mazār-e Sharīf,Afghanistan
548,Ferdie Cucinotta,Honey BBQ Ribs,Food - Meat,42,159.02,6528.04,3/26/2021,11/25/2021,Online Payment,8802 Havey Road,Esquipulas,Costa Rica
549,Cate Buffham,Almond Flour Bread Mix,Food - Baking,61,783.14,7142.43,9/17/2021,4/6/2021,Online Payment,73 Chinook Lane,Anfeng,China
550,Quinton Darnborough,Honey Graham Crackers,Food - Snacks,1,755.22,104.45,5/1/2021,10/11/2021,Credit Card,68740 Transport Drive,Concordia,Honduras
551,Will Donativo,DIY Candle Making Kit,Crafts,1,597.09,8754.77,9/26/2021,6/21/2021,Online Payment,2183 Monument Street,Nogueira do Cravo,Portugal
552,Jemimah Thing,Sunglasses Case,Accessories,41,772.91,2375.44,1/9/2021,3/20/2021,Cash,8202 Walton Trail,Jelisavac,Croatia
553,Veronike Crooks,Homestyle Beef Stew,Food - Canned Soups,32,357.89,8755.7,5/8/2021,12/24/2021,Cash,4100 Manley Park,Beitan,China
554,Sheri Veldens,Fall-Themed Table Runner,Home,61,58.53,7829.15,9/22/2021,8/24/2021,Online Payment,35025 Straubel Point,Hongling,China
555,Matias Addionisio,Garlic Naan Bread,Food - Bakery,43,833.19,8543.15,1/1/2021,9/20/2021,Online Payment,9603 Harper Street,Kodinsk,Russia
556,Freddy Lownds,Dish Rack,Kitchen,28,713.73,4302.92,5/26/2021,5/14/2021,Cash,785 Meadow Ridge Drive,Tarariras,Uruguay
557,Wandis Fieldgate,Spicy Tuna Sushi Kit,Food - Prepared Meals,48,177.85,9566.83,11/15/2021,11/20/2021,Cash,6901 Eastwood Trail,Tafeng,China
558,Karil Sarvar,Organic Quinoa Salad,Food - Prepared Meals,63,584.38,8802.17,10/7/2021,8/25/2021,Online Payment,4852 Hermina Place,Póvoa,Portugal
559,Bronnie Graalman,LED Christmas Lights,Home,10,359.58,7587.16,3/6/2021,12/26/2021,Online Payment,03300 Vahlen Place,Kýthnos,Greece
560,Blondie Millmoe,Yoga Wheel,Fitness,21,529.29,8284.29,11/4/2021,12/23/2021,Credit Card,4 Green Junction,Liloy,Philippines
561,Peggie Plunkett,Slingback Sandals,Clothing - Footwear,84,830.71,912.23,3/30/2021,3/29/2021,Online Payment,7993 Schmedeman Pass,Fristad,Sweden
562,Lennard Kemmey,Teriyaki Chicken Wings,Food - Frozen Food,51,299.66,2181.33,6/21/2021,9/10/2021,Cash,8 Manley Road,Orlando,United States
563,Jae Shire,Smartphone Photography Ring Light,Photography,42,957.6,7558.64,12/18/2021,12/14/2021,Cash,18 Fisk Parkway,Lazaro Cardenas,Mexico
564,Zedekiah Judkin,Customizable Name Plate,Office,80,634.75,2524.71,2/26/2021,3/17/2021,Credit Card,080 School Alley,Dulian,Philippines
565,Vail Bromley,Avocado Oil,Food - Oils,99,592.65,7049.55,1/6/2021,8/21/2021,Online Payment,3817 Sutteridge Circle,Emar,Russia
566,Minette Lorman,Organic Coconut Flour,Food - Baking,14,860.26,1969.35,4/18/2021,7/17/2021,Credit Card,1 Amoth Point,Pocohuanca,Peru
567,Minda Inworth,Kettle Chip Variety Pack,Food - Snacks,93,799.57,1077.09,5/2/2021,3/14/2021,Credit Card,329 Veith Hill,Marang,Indonesia
568,Hettie Haslin,Caramel Apple Chips,Food - Snacks,97,635.05,5272.9,10/3/2021,1/25/2021,Cash,59 Pepper Wood Road,Bella Vista,Dominican Republic
569,Ryan Leyton,Camping Tent,Outdoor,82,451.17,9379.75,6/26/2021,2/22/2021,Online Payment,10126 Fairfield Pass,Xinwo,China
570,Doe Beverstock,Digital Wireless Meat Thermometer,Kitchen,50,905.01,6922.13,12/20/2021,9/21/2021,Online Payment,356 Tony Circle,Xianghu,China
571,Blayne Tireman,High-Quality Yoga Block,Fitness,1,770.02,3726.66,5/25/2021,1/12/2021,Cash,4 South Parkway,Merdeka,Indonesia
572,Gaspard Moylan,Organic Granola Cereal,Food - Breakfast,67,424.06,2462.93,12/1/2021,8/19/2021,Credit Card,29 Hooker Circle,Ngamba,Indonesia
573,Waylen Tiltman,Jigsaw Puzzle,Toys,86,578.01,7800.47,11/4/2021,8/1/2021,Credit Card,3 Dawn Place,Nizhniye Vyazovyye,Russia
574,Etan Sporrij,Creamy Spinach Dip,Food - Prepared Foods,78,190.24,1766.87,12/14/2021,11/6/2021,Online Payment,84059 Eastwood Trail,Bucheon-si,South Korea
575,Ravid Kerridge,Compact Folding Table,Outdoor,84,29.58,3192.94,9/13/2021,4/7/2021,Online Payment,44 Luster Terrace,Piquete,Brazil
576,Drugi De Freitas,Reusable Silicone Food Storage Bags,Kitchen,17,174.78,3208.67,8/6/2021,4/22/2021,Online Payment,654 Northport Place,Horodok,Ukraine
577,Stephana Pipet,Skincare Set,Beauty,66,365.62,6478.15,1/4/2021,8/12/2021,Online Payment,35088 Monument Hill,Rizal,Philippines
578,Sinclare Feldmesser,Adjustable Pedicure Footrest,Beauty,41,588.87,5160.42,12/12/2021,11/23/2021,Credit Card,9407 John Wall Trail,Joaquín Suárez,Uruguay
579,Hedvige Taudevin,Luxury Yoga Mat,Fitness,49,844.97,3936.11,12/6/2021,3/6/2021,Online Payment,01 Bowman Street,Kashima,Japan
580,Christyna Gillanders,Teriyaki Sauce,Food - Condiments,16,162.33,1238.1,2/13/2021,5/9/2021,Cash,4878 Hovde Lane,Pyhäsalmi,Finland
581,Tracy McArtan,Personal Safety Alarm,Safety,91,600.87,8325.89,1/5/2021,5/13/2021,Credit Card,6451 Basil Plaza,Marína,Greece
582,Britt Ludlow,Coconut Oil Spray,Food - Cooking Oils,64,3.45,3019.16,10/15/2021,8/6/2021,Credit Card,87374 Delladonna Road,Topol’noye,Russia
583,Leia Kingman,Maple Glazed Carrots,Food - Prepared Foods,45,343.85,1393.78,4/5/2021,6/8/2021,Credit Card,01500 Southridge Park,eMbalenhle,South Africa
584,Dagny Scammonden,Sporty Slide Sandals,Clothing - Footwear,48,653.03,2718.37,4/5/2021,1/10/2021,Credit Card,70 Talisman Parkway,Frederiksberg,Denmark
585,Pauly Balham,Roasted Red Pepper Dip,Food - Snacks,84,824.55,5860.34,9/27/2021,4/5/2021,Online Payment,2 Summer Ridge Trail,Olds,Canada
586,Adriena Strafford,Buffalo Wing Sauce,Food - Condiments,25,302.41,2226.58,6/25/2021,2/13/2021,Online Payment,811 Green Ridge Pass,Nice,France
587,Zorana Mattielli,Comfortable Jogger Pants,Clothing - Bottoms,49,306.91,7442.14,12/6/2021,11/20/2021,Cash,799 Florence Park,Ponggok,Indonesia
588,Lorain Raunds,Mango Salsa,Food - Condiments,50,738.64,7036.74,2/6/2021,7/21/2021,Credit Card,2 Melrose Drive,Gabi,Philippines
589,Fidelia Grimoldby,Wireless Security Camera,Home,54,195.18,7720.11,8/18/2021,11/28/2021,Credit Card,1066 Green Ridge Parkway,Casal das Figueiras,Portugal
590,Petronella Edmondson,Interactive Plush Toy,Toys,63,721.63,7591.54,5/10/2021,2/25/2021,Cash,0050 Hauk Court,Banjar Ambengan,Indonesia
591,Maud Fairrie,Toasted Coconut Granola,Food - Breakfast,68,6.7,7878.77,6/23/2021,9/21/2021,Cash,7740 Main Lane,Haixing,China
592,Morissa Clissell,Travel Jewelry Case,Accessories,4,788.85,7855.85,7/16/2021,7/27/2021,Cash,5623 Di Loreto Junction,San Jose,Philippines
593,Antonetta Iorizzo,Apple Juice,Food - Beverages,36,86.25,7393.51,7/9/2021,2/27/2021,Online Payment,2 Debra Road,Zawichost,Poland
594,Emogene Boatman,Folding Pocket Knife,Tools,53,88.43,4728.8,2/4/2021,4/11/2021,Credit Card,283 Kings Crossing,Sobreira,Portugal
595,Caryl Bomb,Surimi Crab Sticks,Food - Seafood,65,642.02,5961.75,1/23/2021,8/29/2021,Credit Card,54 Vidon Point,San Benito Abad,Colombia
596,Dari Moro,Garlic Naan Bread,Food - Bakery,86,614.03,3551.43,10/11/2021,4/11/2021,Cash,5 Kennedy Place,Lurut,Indonesia
597,Ava Ashurst,Roasted Red Pepper Dip,Food - Snacks,2,288.37,8804.73,5/26/2021,2/2/2021,Online Payment,0328 Lotheville Street,Uga,Nigeria
598,Andonis Ferrey,Adjustable Yoga Mat Strap,Fitness,32,262.89,345.73,6/20/2021,2/22/2021,Online Payment,965 Eggendart Street,Miejsce Piastowe,Poland
599,Coraline Ales0,Mechanical Keyboard,Computers,60,254.44,1213.32,9/17/2021,5/12/2021,Cash,771 Dixon Trail,Cigalontang,Indonesia
600,Pamella Haeslier,Bluetooth Sleep Headphones,Audio,14,861.06,3021.98,6/5/2021,4/16/2021,Credit Card,4342 Twin Pines Point,Berlin,Germany
601,Zsazsa Dade,Black Olives,Food - Canned Goods,23,72.81,4474.23,4/15/2021,2/20/2021,Cash,567 Larry Junction,Soledar,Ukraine
602,Heather Bartolijn,Slingback Sandals,Clothing - Footwear,16,770.25,794.68,8/27/2021,9/28/2021,Credit Card,234 Schmedeman Park,Czerwin,Poland
603,Eada Hanrott,Pumpkin Waffles,Food - Breakfast,2,442.27,5788.64,10/12/2021,5/13/2021,Credit Card,73526 Bluejay Circle,Sarapul,Russia
604,Edlin Cordier,Instant Mashed Potatoes,Food - Sides,77,155.52,2058.76,2/14/2021,12/28/2021,Online Payment,10388 Manley Drive,Berlin,Germany
605,Peta Alldred,Apple Cinnamon Oatmeal,Food - Breakfast,94,405.42,5500.79,3/25/2021,4/1/2021,Cash,236 Fieldstone Center,Porto Alegre,Brazil
606,Orin Normand,Butternut Squash Soup,Food - Soups,90,662.59,7825.41,5/5/2021,12/24/2021,Credit Card,7002 Sunbrook Park,Yekaterinovka,Russia
607,Dario Roistone,Basmati Rice,Food - Grains,12,482.37,8553.89,4/11/2021,2/25/2021,Online Payment,768 Eagan Alley,Carcassonne,France
608,Skippy Breeder,DIY Lip Balm Making Kit,Crafts,94,60.5,4884.5,1/23/2021,5/26/2021,Online Payment,30596 Dunning Plaza,Al Fujayrah,United Arab Emirates
609,Tobias Symcox,Pet Grooming Scissors,Pets,1,652.05,4412.32,9/23/2021,1/13/2021,Cash,48 Vidon Street,Raciąż,Poland
610,Ruben Oret,Electric Griddle with Lid,Kitchen,16,372.48,7021.38,6/16/2021,7/21/2021,Credit Card,8319 Little Fleur Trail,Salacgrīva,Latvia
611,Desdemona Guesford,Pasta Maker,Kitchen,66,946.53,9628.3,1/6/2021,5/25/2021,Online Payment,86 Londonderry Crossing,Kill,Ireland
612,Cesya Cotterel,Over-The-Door Shoe Organizer,Home,28,192.88,343.14,3/10/2021,3/7/2021,Online Payment,2042 Macpherson Avenue,Kotayk’,Armenia
613,Josefa Mainwaring,Chili Garlic Sauce,Food - Condiments,48,708.36,9700.72,3/5/2021,11/6/2021,Cash,5613 Meadow Valley Point,Gumi,South Korea
614,Salomon Jeness,First Aid Kit,Health,41,3.79,2515.4,4/14/2021,6/4/2021,Cash,017 Washington Plaza,Jijiang,China
615,Nolie Simenet,Pork Tenderloin,Food - Meat,99,784.12,6060.78,4/29/2021,10/2/2021,Cash,91433 Monica Circle,Reisdorf,Luxembourg
616,Bailey Bagwell,Portable Camping Stove,Outdoor,73,963.47,2638.57,8/16/2021,4/26/2021,Credit Card,7553 Toban Court,Xinchang,China
617,Hastings Novotni,Car Diagnostic Scanner,Automotive,74,110.73,7491.8,3/10/2021,2/18/2021,Credit Card,40365 Brickson Park Street,Aygek,Armenia
618,Dylan Shevels,Smartphone Photography Ring Light,Photography,51,643.56,7566.33,6/12/2021,12/11/2021,Credit Card,86247 Corry Way,Holoubkov,Czech Republic
619,Staci Croci,Wrap Jumpsuit,Clothing - Jumpsuits,57,393.94,1099.67,9/5/2021,1/19/2021,Credit Card,1451 Colorado Road,Jangkungkusumo,Indonesia
620,Alonso Cunnah,Canned Sardines,Food - Seafood,45,339.38,6800.35,6/4/2021,1/14/2021,Cash,80 Kingsford Drive,Tomilino,Russia
621,Morley Nawton,Magnetic Spice Containers,Kitchen,84,923.31,4199.0,4/4/2021,1/6/2021,Credit Card,127 Kipling Place,Pithári,Greece
622,Arliene Mingaud,Professional Chef Knife,Kitchen,1,411.68,8908.85,12/18/2021,2/18/2021,Credit Card,351 Waubesa Center,Alverca do Ribatejo,Portugal
623,Grata Lacelett,Outdoor Inflatable Pool,Outdoor,51,141.56,5788.16,3/7/2021,11/5/2021,Cash,2 Burrows Avenue,Dibulla,Colombia
624,Aurelie Islep,Leather Wallet,Accessories,92,320.08,7164.09,7/29/2021,1/26/2021,Cash,97561 Service Circle,Itapissuma,Brazil
625,Nina Camilli,Marinated Artichokes,Food - Vegetables,38,314.18,8224.63,2/13/2021,10/5/2021,Online Payment,821 Mccormick Junction,Łobżenica,Poland
626,Roxy Steers,Baking Soda,Food - Baking,7,629.71,3936.84,6/17/2021,4/23/2021,Credit Card,7 Killdeer Pass,Kalān Deh,Afghanistan
627,Tab Cringle,Sea Salt Caramel Brownie,Food - Bakery,99,952.45,1561.2,10/12/2021,7/6/2021,Online Payment,2 Stone Corner Court,Amboanjo,Madagascar
628,Obadiah Cawston,Tailored Blazer,Clothing - Outerwear,84,122.9,1214.86,6/10/2021,3/6/2021,Online Payment,78790 2nd Street,Staraya Stanitsa,Russia
629,Effie Kalewe,Ground Cinnamon,Food - Spices,2,295.07,4380.92,3/6/2021,3/11/2021,Credit Card,5 Westend Park,Maluko,Philippines
630,Monty Carp,Pet Hair Remover,Pets,66,777.69,9570.6,10/1/2021,12/3/2021,Credit Card,890 Oxford Circle,Huanren,China
631,Berkly Scorer,Compact Pop-Up Tent,Outdoor,3,413.02,9374.1,11/12/2021,5/13/2021,Cash,4 Holy Cross Street,Lávara,Greece
632,Geraldine Manterfield,Non-Stick Grill Pan,Kitchen,69,177.14,7014.38,2/14/2021,12/23/2021,Cash,2456 Utah Court,Phaya Thai,Thailand
633,Valma Flatman,Gardening Gloves,Garden,88,317.15,2589.19,7/24/2021,10/4/2021,Credit Card,21902 Onsgard Avenue,Agua Blanca,Guatemala
634,Deeyn Tebbitt,Balsamic Fig Dressing,Food - Condiments,80,132.42,3291.87,8/5/2021,2/21/2021,Credit Card,9 Mcguire Street,Yelizavetinskoye,Russia
635,Sascha Roseveare,Chocolate Raspberry Tart,Food - Bakery,63,925.2,9238.38,3/13/2021,5/17/2021,Credit Card,73666 Village Green Court,Río Blanco,Nicaragua
636,Ewart Georgeon,Portable USB-C Monitor,Electronics,30,820.72,3635.6,7/20/2021,1/17/2021,Credit Card,815 Wayridge Lane,Port Saint Lucie,United States
637,Sharleen Scotford,Pasta (Fusilli),Food - Pasta,10,828.99,4361.8,9/12/2021,6/30/2021,Online Payment,6 Mallory Plaza,Juhut,Indonesia
638,Brendis Jakubowicz,Kids' Activity Book,Books,88,498.64,6189.61,3/29/2021,10/27/2021,Online Payment,60 Maryland Circle,Žatec,Czech Republic
639,Jessee Ainley,Pet Tracking Collar,Pets,65,181.81,6560.19,8/19/2021,8/26/2021,Online Payment,13 Sommers Park,Cincinnati,United States
640,Duffy Rouchy,Feta Cheese Crumbles,Food - Dairy,93,143.36,9530.26,5/25/2021,12/22/2021,Online Payment,2 Northfield Center,Skellefteå,Sweden
641,Lewiss Balazot,Vegetable Samosas,Food - Frozen,94,463.51,4952.83,1/13/2021,6/30/2021,Cash,6302 Ilene Junction,Buang,Philippines
642,Demetria Osgar,Garden Kneeler and Seat,Garden,86,764.09,5587.49,8/17/2021,8/18/2021,Online Payment,31753 Gale Road,Dinahican,Philippines
643,Durante Boichat,Portable Camping Shower,Outdoor,55,834.13,173.06,7/14/2021,10/26/2021,Credit Card,71 Sloan Park,Demyansk,Russia
644,Sybilla Bensen,Pet Leash,Pets,39,517.28,3357.15,8/3/2021,10/23/2021,Online Payment,1 Michigan Avenue,Póvoa,Portugal
645,Antonino Cutajar,Mediterranean Chickpea Salad,Food - Salads,99,181.34,3513.37,9/23/2021,1/18/2021,Credit Card,32432 Clemons Road,Zhaiwu,China
646,Bord Kneaphsey,Smartphone Gimbal,Electronics,93,130.78,6672.33,8/27/2021,9/30/2021,Cash,880 Grover Parkway,Nueva Arica,Peru
647,Granger Rickersy,Coconut Macaroons,Food - Confectionery,26,229.8,9613.69,4/17/2021,5/14/2021,Online Payment,1198 Bashford Trail,Kristiansand S,Norway
648,Koo Pudsey,Matcha Green Tea Powder,Food - Beverages,88,594.91,8397.52,2/15/2021,11/3/2021,Online Payment,70065 Debra Drive,Aiximan,China
649,Christophorus Greet,Truffle Parmesan Fries,Food - Snacks,35,954.95,5611.48,3/10/2021,5/27/2021,Cash,44039 Tennessee Trail,Montbrison,France
650,Thorstein Scyone,Face Mask Set,Health,19,391.96,705.45,6/9/2021,4/26/2021,Cash,75955 Meadow Vale Pass,Meziměstí,Czech Republic
651,Jillie Whether,Chocolate Raspberry Tart,Food - Bakery,24,180.69,992.4,8/10/2021,6/18/2021,Cash,56 Hudson Street,Jam,Iran
652,Ives Sunman,Vegetarian Stuffed Peppers,Food - Prepared Foods,11,869.21,3529.1,5/13/2021,10/6/2021,Online Payment,727 Eggendart Parkway,Zhonghouhe,China
653,Ava Cardinale,Hummus Trio Pack,Food - Snacks,25,772.53,6071.36,3/26/2021,5/25/2021,Cash,35805 Tony Pass,Jijiazhuang,China
654,Nero Angelini,Stainless Steel Water Pitcher,Kitchen,75,773.85,6466.77,2/14/2021,10/28/2021,Credit Card,14453 Atwood Alley,Tuanchengshan,China
655,Base Espina,Utility Cargo Pants,Clothing - Pants,68,694.01,227.38,1/9/2021,7/23/2021,Credit Card,9985 Scott Road,Hendala,Sri Lanka
656,Honor Alven,Microwave Popcorn Maker,Kitchen,11,70.51,7083.08,12/22/2021,10/11/2021,Credit Card,850 Maple Wood Center,Hashtpar,Iran
657,Marshall Torresi,Reusable Produce Bags Set,Kitchen,69,971.55,7622.73,7/6/2021,7/7/2021,Cash,3 Oriole Circle,Tver,Russia
658,Connor Pidgen,Surimi Crab Sticks,Food - Seafood,73,508.37,1125.18,10/25/2021,8/17/2021,Online Payment,784 Judy Road,Vimmerby,Sweden
659,Nariko Atwell,Digital Kitchen Timer,Kitchen,44,873.22,4853.95,8/11/2021,10/7/2021,Cash,48353 Saint Paul Lane,Yinghua,China
660,Becca Ottewill,Stylish Combat Boots,Clothing - Shoes,62,625.7,1988.54,2/15/2021,4/1/2021,Cash,9416 Rigney Road,Noşratābād,Iran
661,Tillie Bulward,Honey Almond Granola Bars,Food - Snacks,79,609.97,6001.68,10/8/2021,3/5/2021,Cash,56 Talisman Place,Jinli,China
662,Cris McLauchlin,Fleece Throw Blanket,Home,1,81.86,8379.29,10/26/2021,5/14/2021,Cash,6199 West Plaza,Muktāgācha,Bangladesh
663,Demetri Berridge,Carrot Ginger Soup,Food - Soups,80,204.39,949.34,2/24/2021,12/8/2021,Credit Card,97031 Graedel Drive,Yugawara,Japan
664,Carroll Acreman,Sports Bottle,Fitness,25,226.19,9520.29,8/1/2021,9/20/2021,Credit Card,66738 Macpherson Park,New Kingston,Jamaica
665,Kristien O'Fogarty,Gluten-Free Bread,Food - Bakery,66,816.39,9406.17,2/24/2021,4/8/2021,Online Payment,50067 Carpenter Pass,Sonsón,Colombia
666,Erek Rumsby,Outdoor String Lights,Outdoor,77,180.47,828.18,7/20/2021,4/15/2021,Cash,8 Sunfield Point,Młynary,Poland
667,Randie Spurryer,Italian Pasta,Food - Grains,32,536.02,2887.7,2/23/2021,12/11/2021,Credit Card,9984 Merchant Drive,Quimbaya,Colombia
668,Avigdor Balstone,Reusable Silicone Food Storage Bags,Kitchen,65,108.94,6241.71,1/23/2021,1/5/2021,Online Payment,57859 Springs Park,Renko,Finland
669,Nicolis Pierrepont,Smartphone UV Sanitizer,Health,19,523.87,2478.89,3/15/2021,12/20/2021,Online Payment,257 Fair Oaks Lane,Lyon,France
670,Carolin Americi,Almond Flour Bread Mix,Food - Baking,90,795.54,3652.35,11/26/2021,3/14/2021,Credit Card,97153 Hintze Drive,Kendal,Indonesia
671,Berni McEnery,Wireless Wi-Fi Extender,Electronics,11,44.5,9594.38,5/14/2021,2/27/2021,Cash,830 Hoard Avenue,L’govskiy,Russia
672,Cloe Minshall,Wireless Security System,Home Security,24,946.62,3094.54,9/25/2021,4/22/2021,Credit Card,159 Kings Court,Sidrolândia,Brazil
673,Kaylil Stroyan,Herbal Tea Set,Food,47,63.64,6206.27,12/9/2021,12/14/2021,Cash,993 Burrows Point,Figueira,Portugal
674,Margie Maro,Garlic Parmesan Roasted Potatoes,Food - Sides,33,633.37,5932.99,7/9/2021,8/17/2021,Online Payment,6977 Calypso Center,Tapan,Indonesia
675,Cash Fernez,Almond Milk Yogurt,Food - Dairy Alternatives,27,606.67,9746.24,7/11/2021,7/31/2021,Online Payment,3221 Walton Way,Kajuru,Nigeria
676,Glynnis Gaw,Granola Clusters,Food - Cereal,14,805.13,4688.01,6/7/2021,10/28/2021,Online Payment,908 Morrow Road,Degan,China
677,Lanette Oakeshott,Smart Wi-Fi Light Bulbs,Smart Home,68,383.97,7304.13,6/4/2021,2/20/2021,Cash,827 Sugar Parkway,Amper,Nigeria
678,Sybilla Monckton,Electric Toothbrush,Health,1,574.15,2715.18,8/6/2021,9/1/2021,Cash,54335 Victoria Drive,Tankhoy,Russia
679,Cicily Gobel,Grapes (red),Food - Produce,42,424.34,3445.89,5/14/2021,12/11/2021,Credit Card,309 Vahlen Junction,Capela,Portugal
680,Amata Billion,Mint Chocolate Chip Ice Cream,Food - Frozen Desserts,95,763.27,1119.59,6/29/2021,3/25/2021,Cash,69510 Elgar Plaza,Puerto Asís,Colombia
681,Calida Dakers,Incense Holder,Home,56,771.7,8621.59,8/6/2021,4/10/2021,Cash,04242 Portage Lane,Mancogeh,Indonesia
682,Taddeo Thorne,Baby Safety Corner Guards,Baby,64,499.13,940.46,4/19/2021,9/11/2021,Online Payment,002 Waywood Hill,Selopuro,Indonesia
683,Cornelia Larchiere,Plant Growing Kit,Garden,56,637.89,1579.69,8/6/2021,4/5/2021,Online Payment,11818 Lawn Way,Daoxu,China
684,Rochette Odlin,Vegetable Stir-Fry Sauce,Food - Sauces,80,326.65,8699.72,8/26/2021,1/7/2021,Credit Card,70 Waxwing Place,Mpigi,Uganda
685,Carleton Mooreed,Roasted Red Pepper Dip,Food - Snacks,2,276.24,6386.74,2/20/2021,4/17/2021,Cash,96507 Bartelt Junction,Rio Branco do Sul,Brazil
686,Tyne Feore,Herb Drying Rack,Garden,56,419.82,2147.7,4/1/2021,11/28/2021,Online Payment,520 Bowman Place,Berdyans’k,Ukraine
687,Darbie Guttridge,Portable Camping Stove,Outdoor,39,775.45,2196.07,1/25/2021,12/29/2021,Credit Card,3683 Bay Junction,Zonghan,China
688,Hadria Willgoose,Italian Pasta,Food - Grains,96,2.36,8083.02,12/9/2021,11/18/2021,Credit Card,6318 Roxbury Alley,Amio,Philippines
689,Bunni Thomerson,Indoor Plants,Garden,90,677.23,6499.67,9/29/2021,8/27/2021,Credit Card,820 Michigan Center,Huainan,China
690,Berte Costerd,Yoga Mat,Fitness,33,142.34,3306.94,12/15/2021,11/26/2021,Credit Card,53 Grasskamp Circle,Donegal,Ireland
691,Vickie Element,Leather Notebook Cover,Office,14,698.62,3752.56,7/10/2021,7/20/2021,Credit Card,2901 Amoth Avenue,Rogachëvo,Russia
692,Hollis Reast,Peanut Butter Protein Balls,Food - Snacks,66,234.94,7861.89,12/26/2021,3/7/2021,Online Payment,7407 Fisk Way,Carmen,Philippines
693,Sylvester Tuckerman,Frozen Mixed Vegetables,Food - Frozen,51,290.52,9844.82,4/22/2021,6/24/2021,Online Payment,80084 Marcy Center,Hobo,Philippines
694,Gwenny Senten,LED Flashing Pet Collar,Pets,37,833.67,2078.35,9/14/2021,10/16/2021,Online Payment,621 Memorial Pass,Stockholm,Sweden
695,Patin Keher,Savory Trail Mix,Food - Snacks,80,155.84,9457.73,3/1/2021,2/24/2021,Credit Card,7867 Warbler Alley,Matiao,Philippines
696,Eula Kinnie,Almond Flour Biscuits,Food - Bakery,10,175.41,6806.12,9/11/2021,11/30/2021,Credit Card,3831 Pine View Trail,Lương Bằng,Vietnam
697,Paddy Brigman,Cucumber,Food - Produce,7,443.74,8599.9,12/30/2021,2/10/2021,Cash,066 Iowa Pass,Biguo,China
698,Gusella Richter,Organic Black Rice,Food - Grains,68,361.48,4573.03,8/11/2021,7/22/2021,Cash,359 Stang Terrace,Nytva,Russia
699,Rog Farnes,Outdoor Sports Backpack,Outdoor,79,364.47,6343.39,2/23/2021,3/17/2021,Credit Card,1 Gerald Place,Los Angeles,Mexico
700,Oberon Gorring,French Onion Dip,Food - Condiments,70,885.97,6219.9,4/28/2021,5/29/2021,Online Payment,4 Bultman Pass,Cullinan,South Africa
701,Tobin Orehead,Trackpad for Laptop,Accessories,38,971.35,9313.19,3/16/2021,5/16/2021,Online Payment,48502 Division Avenue,Stari Grad,Serbia
702,Dewey Sore,Beef Jerky,Food - Snacks,37,262.67,8147.83,10/25/2021,1/4/2021,Cash,5 Forest Parkway,Rača,Serbia
703,Corinna Dick,Fried Rice,Food - Frozen Foods,31,163.03,2764.93,5/22/2021,3/27/2021,Credit Card,709 Old Shore Plaza,Poniatowa,Poland
704,Tessa Basey,Barbecue Chicken Pizza,Food - Frozen Foods,44,926.37,3884.96,12/14/2021,10/23/2021,Credit Card,2128 Bay Trail,Payapa,Philippines
705,Ambrosi Cordeiro,Waterproof Rain Boots,Clothing - Footwear,11,757.87,3450.05,5/21/2021,6/7/2021,Online Payment,84395 Maple Wood Avenue,Jimo,China
706,Erskine Tolworth,Maple Bacon Jerky,Food - Meat,68,396.4,4069.68,3/23/2021,4/1/2021,Cash,58 Namekagon Drive,Fayaoué,New Caledonia
707,Urbanus Baudins,Sriracha Sauce,Food - Condiments,16,772.23,6846.18,11/23/2021,3/4/2021,Cash,47711 Anderson Pass,Lujiao,China
708,Madlin Aujean,Tattoo Kit,Art Supplies,100,592.88,7585.53,10/26/2021,10/28/2021,Credit Card,5 Warrior Way,Shreveport,United States
709,Kay Lebrun,Sweet Corn,Food - Canned Goods,94,567.85,6302.27,8/9/2021,12/1/2021,Cash,54924 Monterey Place,Songgang,China
710,Kathryn Filipov,Cucumber Lime Sparkling Water,Food - Beverages,33,935.03,4900.26,4/5/2021,9/2/2021,Online Payment,214 Hoepker Trail,Paris La Défense,France
711,Cassandra Orto,Outdoor Adventure Kit,Outdoor,71,324.35,6847.26,5/8/2021,1/29/2021,Online Payment,07 Reinke Trail,Mertzig,Luxembourg
712,Belita Beverstock,Italian Sausage Links,Food - Meat & Poultry,59,418.55,7776.2,9/29/2021,4/28/2021,Online Payment,4073 Memorial Way,Ozëry,Russia
713,Kacie Gosnold,Grilled Vegetable Medley,Food - Vegetables,54,662.54,4103.13,8/14/2021,12/6/2021,Credit Card,0 Beilfuss Terrace,Saint-Avertin,France
714,Minne Tiddeman,Organic Coconut Flakes,Food - Baking,34,941.03,7512.72,10/14/2021,9/28/2021,Credit Card,0477 Rutledge Circle,Hudai,China
715,Del Merryweather,Fitness Tracker Band,Fitness,22,458.18,186.89,8/27/2021,2/24/2021,Online Payment,86 Lakewood Gardens Drive,Sargatskoye,Russia
716,Kane Treagust,Fire Roasted Salsa,Food - Condiments,65,412.18,1597.3,3/2/2021,11/28/2021,Online Payment,0 Nevada Way,Burgos,Philippines
717,Aindrea Bolsover,Beef Stew Meat,Food - Meat,15,754.92,4408.99,3/22/2021,3/10/2021,Online Payment,55 Little Fleur Plaza,Begejci,Serbia
718,Wenona Allenby,Animal Paw Print Soap Dispenser,Home,32,92.15,1335.23,12/6/2021,8/22/2021,Cash,90023 Columbus Alley,Yong’an,China
719,Thebault Montilla,BBQ Sauce,Food - Condiments,87,118.75,5047.86,4/13/2021,4/17/2021,Cash,70650 Monterey Alley,Macayug,Philippines
720,Florette Brion,Essential Oil Roller Bottles,Health,21,850.3,4979.96,8/30/2021,7/13/2021,Cash,768 Green Ridge Court,Rendeng,Indonesia
721,Astrix Johanning,Premium Flashlight,Outdoor,41,30.5,4985.27,11/9/2021,2/2/2021,Online Payment,7004 Di Loreto Center,Caen,France
722,Roldan Jurewicz,Apple Sauce,Food - Canned Goods,64,627.56,2569.88,5/2/2021,1/2/2021,Online Payment,38032 Scofield Trail,Pingding,China
723,Rafaelia Catcheside,Raspberry Vanilla Greek Yogurt,Food - Dairy,40,365.89,5108.07,7/23/2021,11/11/2021,Online Payment,924 Sommers Court,Puerto López,Colombia
724,Duncan Trevett,Camping Tarp,Outdoor,67,19.01,9699.98,11/1/2021,1/3/2021,Credit Card,1 Jenifer Point,Bandarlampung,Indonesia
725,Deena Siseland,Portable Solar Camp Shower,Outdoor,100,284.6,9208.87,10/12/2021,12/15/2021,Credit Card,7 Forster Avenue,‘Aqrah,Iraq
726,Charisse Girodier,Blackberry Jam,Food - Condiments,22,423.64,8062.09,5/29/2021,10/30/2021,Credit Card,45 Autumn Leaf Crossing,Sinjhoro,Pakistan
727,Gilberto Napthine,Mini Projector,Electronics,42,825.33,1601.16,1/18/2021,7/11/2021,Cash,2177 Fieldstone Street,Köping,Sweden
728,Dorise Leftly,Fleece Lined Leggings,Clothing,6,835.84,1463.14,6/17/2021,4/1/2021,Cash,6742 Stang Center,Dafang,China
729,Darn Crain,Miso Soup Starter,Food - Soups,18,244.82,5391.06,10/2/2021,6/21/2021,Cash,19729 Meadow Ridge Center,Verkhniye Kigi,Russia
730,Berthe Alfwy,Dried Mango Slices,Food - Snacks,66,464.53,7639.87,2/26/2021,10/7/2021,Credit Card,917 Montana Hill,Tabango,Philippines
731,Danya Primrose,Pumpkin Ice Cream,Food - Frozen Foods,61,988.68,6867.08,7/8/2021,3/5/2021,Cash,271 Vahlen Trail,Xiaojiezi,China
732,Dud Shimuk,Car Escape Tool,Automotive,60,501.12,5716.59,8/27/2021,7/20/2021,Cash,0 Golf Course Terrace,Joyabaj,Guatemala
733,Lorne Moller,Thyme,Food - Fresh Produce,62,768.5,9518.1,3/30/2021,9/3/2021,Cash,98927 Kennedy Trail,Haoyi,China
734,Annissa Holbie,Coconut Cream Pie Mix,Food - Baking,4,283.7,8126.35,2/10/2021,9/18/2021,Online Payment,8 Bayside Place,Shuidong,China
735,Mattias Paulou,Peanut Butter Protein Balls,Food - Snacks,48,486.86,3161.67,11/2/2021,3/2/2021,Cash,56384 Waxwing Center,Nakambala,Zambia
736,Antone Penkethman,Wrap Jumpsuit,Clothing - Jumpsuits,91,813.42,1538.87,9/8/2021,11/12/2021,Cash,54280 Oneill Hill,Sing Buri,Thailand
737,Emmalynn Betonia,Whole Roasted Chicken,Food - Meats,62,304.01,5985.93,6/30/2021,3/8/2021,Cash,49270 Sheridan Pass,San Salvador de Jujuy,Argentina
738,Loraine Mewitt,Workstation Laptop Stand,Office,91,992.11,9012.62,7/17/2021,9/8/2021,Online Payment,34 Pierstorff Street,Anju,China
739,Kaiser Ruggiero,Banana Nut Oatmeal Cups,Food - Breakfast,15,74.29,1895.0,10/2/2021,2/4/2021,Online Payment,9112 Eastwood Drive,Carvalho,Portugal
740,Sande Merington,Thyme,Food - Fresh Produce,45,689.75,4607.39,1/8/2021,8/14/2021,Cash,723 Crownhardt Parkway,Chynów,Poland
741,Helenka Duffy,Veggie Lovers Pizza,Food - Frozen Foods,72,770.58,8593.11,10/8/2021,11/2/2021,Online Payment,27035 Tennyson Street,Barreiras,Portugal
742,Guido Tumility,Microfiber Cleaning Cloth Set,Home,38,502.21,6805.57,8/7/2021,11/13/2021,Cash,3 Eastlawn Street,Laojunmiao,China
743,Lavinie Pittendreigh,Avocado Oil,Food - Oils,72,840.79,8147.03,2/16/2021,4/5/2021,Credit Card,86366 La Follette Center,Darungan Lor,Indonesia
744,Kimmie Breakey,Honey Roasted Peanuts,Food - Snacks,63,616.16,7016.76,3/1/2021,12/26/2021,Credit Card,3 Eastwood Point,Springbok,South Africa
745,Elysha Donaher,Orange Ginger Vinaigrette,Food - Condiments,21,636.28,1699.69,6/29/2021,1/13/2021,Credit Card,6 Scott Circle,Tanda,Ivory Coast
746,Marchall Ceccoli,Organic Black Beans,Food - Canned Goods,46,44.1,2788.28,4/27/2021,4/6/2021,Cash,71 Express Court,Fengren,China
747,Milissent Harding,Chocolate Mint Cookies,Food - Baking,99,398.43,6158.31,3/10/2021,10/8/2021,Cash,34857 Crowley Junction,Kaem,Indonesia
748,Druci Golledge,Chiffon Blouse,Clothing - Shirts,63,690.96,7618.14,12/9/2021,4/19/2021,Cash,28 Heffernan Park,Macau,Brazil
749,Doloritas Lindstrom,Chocolate Mint Cookies,Food - Baking,11,234.02,3902.76,9/7/2021,1/2/2021,Online Payment,77 Spohn Way,Mitú,Colombia
750,Leola Dunthorn,Compact Folding Table,Outdoor,78,493.99,7026.62,2/21/2021,5/22/2021,Cash,0 Heffernan Lane,Osypenko,Ukraine
751,Emanuel Titman,Canned Black Beans,Food - Canned Goods,99,685.79,4830.24,1/17/2021,1/7/2021,Cash,50 Waywood Point,Póvoa de Penela,Portugal
752,Darelle Cryer,Essential Oil Roller Bottles,Health,23,352.37,7751.16,10/6/2021,2/18/2021,Credit Card,1 East Way,Delaware,Canada
753,Catina Winscomb,Decorative LED Neon Sign,Home,32,154.17,4885.38,2/18/2021,7/22/2021,Online Payment,53 Vahlen Pass,Wudan,China
754,Ethelyn Eskrick,Fettuccine Alfredo Dinner Kit,Food - Prepared Meals,47,643.29,2869.87,8/8/2021,5/21/2021,Cash,73 Buena Vista Hill,Wolbrom,Poland
755,Catherin Whalebelly,Non-Stick Baking Sheet,Kitchen,40,638.29,3089.06,4/5/2021,2/4/2021,Online Payment,4215 Judy Trail,Yeping,China
756,Bradley Lindenfeld,Pet Nail Clipper,Pets,90,813.1,8513.87,1/22/2021,8/4/2021,Online Payment,00 Oneill Plaza,Anjirmuara,Indonesia
757,Kelcy Balsdone,Induction Cooktop,Kitchen,4,420.03,3792.14,7/6/2021,2/11/2021,Credit Card,03031 Reindahl Parkway,Krasiczyn,Poland
758,Amargo Casely,Electric Butter Churn,Kitchen,29,999.04,4572.13,7/6/2021,3/14/2021,Cash,656 Stone Corner Junction,Kushtia,Bangladesh
759,Miriam Kimmitt,Multifunctional Pocket Tool,Tools,77,938.97,3458.93,6/12/2021,4/7/2021,Online Payment,70104 Crescent Oaks Road,Palumbungan,Indonesia
760,Vicky Meadowcraft,Oven Thermometer,Kitchen,65,909.78,4783.25,12/7/2021,12/14/2021,Cash,39 Rockefeller Crossing,Bigaa,Philippines
761,Conant Odo,Leek and Potato Soup,Food - Soups,5,52.36,2982.66,3/28/2021,10/13/2021,Cash,18886 Chinook Alley,Lengor,Indonesia
762,Urban Lebbon,Pet Activity Tracker,Pets,22,873.08,3561.13,2/18/2021,4/16/2021,Credit Card,40657 Hoffman Hill,Al Jubayhah,Jordan
763,Huntley Boxell,Bluetooth Tracker,Accessories,37,478.49,7645.77,8/2/2021,10/8/2021,Online Payment,48300 Blackbird Place,Botigues,Philippines
764,Allin Hamlyn,Dish Rack,Kitchen,48,680.15,9560.85,4/27/2021,1/24/2021,Credit Card,258 Sachs Road,Kondrovo,Russia
765,Corrinne Okey,High-Low Hem Tee,Clothing - Tops,34,945.33,377.87,11/2/2021,12/14/2021,Credit Card,026 Beilfuss Street,Qalandiyā,Palestinian Territory
766,Maegan Mulqueen,Ramen Noodle Soup Cups,Food - Prepared Meals,52,70.04,9502.92,2/23/2021,1/4/2021,Cash,046 Kings Court,Rangxi,China
767,Else Waszczyk,Tofu,Food - Meat Alternatives,47,101.77,8344.95,6/19/2021,12/6/2021,Online Payment,02 Derek Drive,Zavitinsk,Russia
768,Shelby Le Barre,Peanut Butter Filled Pretzels,Food - Snacks,58,218.19,5014.34,10/5/2021,10/21/2021,Cash,48 Prairieview Plaza,Cikomara,Indonesia
769,Rici Kearns,Breezy Off-The-Shoulder Top,Clothing - Tops,5,303.51,3935.51,7/18/2021,12/1/2021,Credit Card,5446 Southridge Parkway,Talisay,Philippines
770,Johannah Clemo,Fresh Cilantro,Food - Produce,46,553.28,1633.83,9/21/2021,9/18/2021,Online Payment,0176 Sundown Point,Meijiang,China
771,Pietro Gascoyen,Classic Minestrone Soup,Food - Soups,17,154.62,201.34,7/2/2021,6/27/2021,Online Payment,2 Vermont Road,Meaux,France
772,Maurits Prothero,Electric Hot Water Dispenser,Kitchen,70,796.11,6836.4,12/3/2021,4/15/2021,Online Payment,5952 Sycamore Circle,Kolirerek,Indonesia
773,Celestia Treagus,Shower Curtain Hooks,Home,24,860.78,9522.14,4/25/2021,7/1/2021,Cash,16 Spaight Plaza,Buenavista,Philippines
774,Jaimie Etoile,Black Bean & Corn Salad,Food - Salads,35,191.0,8623.48,9/15/2021,2/14/2021,Cash,93 Mesta Trail,Vlorë,Albania
775,Quincey Eaton,Mediterranean Olives,Food - Condiments,39,322.69,1845.96,9/15/2021,4/2/2021,Credit Card,7270 Fulton Lane,Santa Catarina,Portugal
776,Siouxie Horsey,Bicycle Lock,Bicycles,3,782.7,551.74,3/19/2021,5/12/2021,Credit Card,91 Hoffman Alley,Turośń Kościelna,Poland
777,Audre Secretan,Wireless Smart Plug,Smart Home,99,343.51,7759.01,1/14/2021,7/23/2021,Online Payment,9356 Sunnyside Street,Junín,Colombia
778,Marinna Dobbs,Nutty Trail Mix,Food - Snacks,7,395.62,8466.84,11/16/2021,3/3/2021,Online Payment,402 Comanche Center,Port Elizabeth,Saint Vincent and the Grenadines
779,Lorin De Lisle,Garden Hose,Garden,36,604.28,7663.09,6/3/2021,2/12/2021,Online Payment,3477 Arrowood Place,Macaíba,Brazil
780,Pat Pearne,Banana Peanut Butter Smoothie,Food - Frozen Foods,84,326.48,9592.09,10/21/2021,2/2/2021,Credit Card,45129 Hallows Crossing,Coishco,Peru
781,Page Fantin,Biodegradable Dog Waste Bags,Pets,65,125.02,9777.29,7/25/2021,6/16/2021,Cash,5370 Raven Avenue,Poniatowa,Poland
782,Rance Lancastle,Yoga Strap,Fitness,100,6.29,4007.12,4/7/2021,8/3/2021,Online Payment,99 Rieder Plaza,Ntonggu,Indonesia
783,Elfrida Heam,Butternut Squash Ravioli,Food - Frozen Foods,45,824.6,9985.92,2/28/2021,6/17/2021,Credit Card,3 Thackeray Avenue,Gresik,Indonesia
784,Trever Joul,Garlic Herb Grilled Chicken,Food - Frozen Foods,51,547.4,7099.49,5/10/2021,8/28/2021,Credit Card,5 Forest Dale Crossing,San Jose,Mexico
785,Jarid Lincke,Tea Set with Infuser,Kitchen,57,69.92,2685.94,4/27/2021,10/13/2021,Cash,8 Victoria Alley,Apeldoorn,Netherlands
786,Dyana Stolte,Ramen Noodle Soup Cups,Food - Prepared Meals,52,930.97,6454.95,5/20/2021,11/18/2021,Cash,260 7th Alley,Azenha,Portugal
787,Adara Mattusevich,Pumpkin Seeds,Food - Snacks,26,101.32,8249.87,3/10/2021,7/16/2021,Cash,73 Ohio Lane,Santa Catalina - Dique Lujan,Argentina
788,Silvan Synder,Pet Travel Bowl,Pets,12,3.32,5776.95,6/7/2021,6/3/2021,Cash,4 Tony Pass,Montonggamang,Indonesia
789,Tamar Longlands,Bird Feeder,Outdoor,36,290.71,5750.0,1/18/2021,7/14/2021,Online Payment,4902 Kropf Terrace,Catriel,Argentina
790,Boniface Nacey,Coconut Water,Food - Beverages,72,442.7,7593.99,10/2/2021,6/5/2021,Online Payment,4 Rieder Circle,Mukdahan,Thailand
791,Valerie Fookes,Cotton Quilted Throw Blanket,Home,51,304.58,4388.68,9/27/2021,11/19/2021,Cash,898 Oriole Park,Wonorejo,Indonesia
792,Adena Arnaldo,Maple Pecan Granola,Food - Breakfast,67,312.63,6490.39,12/9/2021,9/24/2021,Online Payment,79245 Manufacturers Trail,Vidnoye,Russia
793,Normie Elesander,Popcorn Chicken,Food - Frozen,47,102.12,5809.28,12/11/2021,1/1/2021,Credit Card,7151 Sunbrook Plaza,Tsyelyakhany,Belarus
794,Clarance Pallesen,Foam Building Blocks for Kids,Toys,25,26.15,8342.21,10/5/2021,1/19/2021,Online Payment,1 Rowland Drive,Salvador,Portugal
795,Jessi Phillps,Chocolate Raspberry Tart,Food - Bakery,8,567.78,7164.79,5/14/2021,7/2/2021,Cash,8 5th Hill,Vybor,Russia
796,Benedict Matousek,Safety First Aid Kit,Health,68,941.17,3281.65,1/10/2021,10/17/2021,Cash,4 Steensland Alley,Carrefour,Haiti
797,Kristy Sissens,Kale and Quinoa Salad,Food - Salads,82,683.45,8645.26,7/22/2021,9/26/2021,Credit Card,9 Myrtle Drive,Taibai,China
798,Elyn Ebbins,Wireless Earbuds,Audio,73,631.02,1385.09,1/24/2021,7/24/2021,Cash,9323 Talmadge Terrace,Varoška Rijeka,Bosnia and Herzegovina
799,Antonino Voas,Surimi Crab Sticks,Food - Seafood,92,860.17,250.88,9/8/2021,7/11/2021,Cash,66 Birchwood Road,Purral,Costa Rica
800,Harmony Zottoli,Asian Noodle Salad Kit,Food - Salads,89,410.83,3441.42,6/14/2021,11/18/2021,Online Payment,58761 Cottonwood Plaza,Guri-si,South Korea
801,Carling Chastand,Zucchini Noodles,Food - Vegetables,33,393.79,622.49,9/7/2021,4/25/2021,Credit Card,822 Gateway Court,Al Manqaf,Kuwait
802,Yasmeen Huckle,Chocolate Hazelnut Granola,Food - Cereal,100,777.77,8425.77,12/3/2021,6/20/2021,Cash,808 Surrey Terrace,Virginia Beach,United States
803,Tallou Spellecy,Mango Chunks,Food - Frozen Fruits,37,800.85,4446.03,4/15/2021,7/12/2021,Online Payment,71 Bonner Junction,Beit Horon,Israel
804,Bobette Whetnall,Mediterranean Flatbread,Food - Bakery,81,11.21,2837.96,5/10/2021,5/16/2021,Cash,682 Elgar Junction,Cayambe,Ecuador
805,Beatrisa Passingham,Chia Seeds,Food - Grains,79,753.66,3597.32,10/2/2021,6/4/2021,Cash,307 Randy Plaza,Lalībela,Ethiopia
806,Papageno Aggas,Savory Quinoa Pudding,Food - Sides,23,359.09,1260.97,7/30/2021,5/17/2021,Online Payment,134 Kenwood Alley,Beauceville,Canada
807,Linoel Vellden,Mediterranean Flatbread,Food - Bakery,16,755.31,2265.23,6/21/2021,7/9/2021,Credit Card,29490 Monterey Hill,Potlot,Indonesia
808,Redford Ernshaw,Mediterranean Chickpea Salad,Food - Salads,54,866.72,7107.07,6/16/2021,2/5/2021,Online Payment,8698 Dovetail Way,Sembungin,Indonesia
809,Cameron Castelyn,Kitchen Scale,Kitchen,41,654.77,5725.5,7/29/2021,6/20/2021,Online Payment,9631 Mariners Cove Way,Lebao,Indonesia
810,Marrilee Kubista,Solar Power Bank,Electronics,15,198.79,1355.71,9/10/2021,12/11/2021,Online Payment,2 Del Sol Court,Annecy,France
811,Claudelle Weben,Ginger Turmeric Tea,Food - Beverages,90,135.49,1680.53,7/8/2021,12/10/2021,Online Payment,424 Heath Place,Rio Preto da Eva,Brazil
812,Nina Doogue,Plant Pot Drip Trays,Garden,82,110.57,2470.03,3/9/2021,10/16/2021,Credit Card,887 Northport Center,Dhamār,Yemen
813,Daisey Nacci,Puzzle 3D Model Kit,Toys,16,255.22,9347.13,12/12/2021,2/25/2021,Online Payment,93 Rigney Circle,Kan,China
814,Ermina Levicount,Organic Coconut Oil,Food - Oils,1,855.52,5415.24,1/22/2021,3/4/2021,Credit Card,685 Crownhardt Court,Kalianget,Indonesia
815,Fionnula Valsler,Apple Cinnamon Oatmeal,Food - Breakfast,4,380.05,9625.02,7/28/2021,11/2/2021,Online Payment,9123 Scoville Plaza,Qianzhou,China
816,Bendite Hadrill,Travel Mug with Leak-Proof Lid,Kitchen,79,29.44,978.78,9/19/2021,9/1/2021,Cash,1 Porter Crossing,Unión,Paraguay
817,Ardelis Erridge,Garlic and Herb Cream Cheese,Food - Dairy,100,369.67,9715.47,1/30/2021,5/7/2021,Online Payment,99594 Golf Course Plaza,Fenjie,China
818,Sharona Orritt,Travel Makeup Organizer,Beauty,98,606.58,7180.64,6/29/2021,6/5/2021,Credit Card,2023 Fisk Point,Shuangxing,China
819,Gavan Melliard,Outdoor Adventure Kit,Outdoor,57,449.29,1562.28,12/26/2021,6/2/2021,Online Payment,468 Kensington Street,Kanluran,Philippines
820,Araldo Borrow,Colorful Post-It Notes Set,Office,56,227.51,5397.1,8/10/2021,5/5/2021,Cash,1 Westerfield Drive,Klášterec nad Ohří,Czech Republic
821,Dodie Buglar,USB Wall Charger,Accessories,23,893.44,4381.85,4/18/2021,5/3/2021,Credit Card,70 Jenna Court,Qingyang,China
822,Anne Malkin,Sweet Cherry Tomatoes,Food - Produce,63,203.24,4077.67,6/20/2021,9/22/2021,Online Payment,58899 Mandrake Parkway,Xumu,China
823,Caritta Armer,Compact Digital Camera,Photography,89,124.06,255.73,7/21/2021,6/24/2021,Online Payment,29 Forest Circle,Višňové,Czech Republic
824,Gratiana Boyet,Leather Biker Jacket,Clothing - Outerwear,76,606.61,2419.71,4/14/2021,9/20/2021,Credit Card,2 Hintze Lane,Washington,United States
825,Martyn Baskeyfield,Gaming Mousepad,Gaming,23,923.74,5835.27,6/17/2021,7/21/2021,Online Payment,36 Rowland Trail,Yuetang,China
826,Alverta Neville,Beet Salad,Food - Prepared Foods,42,626.09,3088.75,3/27/2021,2/7/2021,Online Payment,8960 Pleasure Road,Lianpeng,China
827,Claudian Ponceford,High-Low Hem Tee,Clothing - Tops,51,347.67,7429.83,5/22/2021,10/24/2021,Cash,5 Meadow Ridge Crossing,Buenos Aires,Mexico
828,Max Riddich,Pineapple Chunks (canned),Food - Fruits,29,360.31,1380.81,2/12/2021,11/17/2021,Credit Card,19 Bellgrove Plaza,Shiraoka,Japan
829,Glynda Giacovetti,Electric Kettle with Temperature Control,Kitchen,74,84.85,7895.81,5/14/2021,5/17/2021,Credit Card,33785 Mallory Terrace,Longxi,China
830,Bettina Silverton,Saffron Rice Mix,Food - Grains,15,932.86,213.15,12/9/2021,12/15/2021,Online Payment,80681 Parkside Circle,Pocsi,Peru
831,Dode Spat,Cinnamon Roll Kit,Food - Baking,21,821.41,9703.64,3/27/2021,2/22/2021,Cash,18 Canary Junction,Yefimovskiy,Russia
832,Oswell Beesey,Frozen Mixed Berries,Food - Frozen Foods,66,140.09,9386.3,6/8/2021,2/4/2021,Credit Card,14820 South Center,Jinsha,China
833,Elston Jaycock,Coffee Capsule Dispenser,Kitchen,79,267.33,8368.09,9/22/2021,2/12/2021,Credit Card,067 Kenwood Street,Kyurdarmir,Azerbaijan
834,Bill Ruane,Sweet Potato Noodles,Food - Pasta,87,827.65,2636.35,12/22/2021,10/5/2021,Credit Card,68 Colorado Center,Portsmouth,Dominica
835,Gregg Reilingen,Travel Makeup Organizer,Beauty,47,707.19,9599.62,6/16/2021,7/9/2021,Online Payment,78412 Hooker Road,Knivsta,Sweden
836,Julienne Norledge,Pet Hair Vacuum Attachment,Pets,68,956.05,5616.78,2/12/2021,6/28/2021,Credit Card,148 Miller Avenue,Baishui,China
837,Almeda Brader,Peanut Butter Pretzel Bites,Food - Snacks,31,945.13,4241.8,11/17/2021,10/21/2021,Credit Card,98 Anhalt Junction,Thanh Khê,Vietnam
838,Sabina Birtonshaw,Herb Seasoned Croutons,Food - Salad Toppings,13,286.79,2808.84,1/2/2021,11/11/2021,Cash,1 Fordem Center,Juan de Acosta,Colombia
839,Belicia Czajkowski,Eco-Friendly Stainless Steel Straws,Kitchen,6,139.15,3364.07,2/25/2021,11/6/2021,Online Payment,6975 Caliangt Street,Drnje,Croatia
840,Jewelle Janos,Nutritional Yeast,Food - Pantry,75,185.14,5596.8,12/27/2021,8/1/2021,Cash,2 Karstens Lane,Chantepie,France
841,Roberto Perrottet,Stainless Steel Travel Mug,Kitchen,12,498.18,2768.35,6/20/2021,6/12/2021,Cash,6371 Bunker Hill Terrace,Leiguan,China
842,Judy Brierley,Garlic & Herb Goat Cheese,Food - Dairy,28,49.41,5919.08,8/9/2021,10/30/2021,Credit Card,77466 Wayridge Center,"Coruña, A",Spain
843,Melessa Kindell,Chunky Knit Sweater,Clothing - Tops,65,673.18,4681.2,1/16/2021,8/3/2021,Credit Card,24818 Oak Circle,Madimba,Tanzania
844,Torie Moggach,Camping Chair with Cooler,Outdoor,42,691.45,764.11,12/17/2021,12/15/2021,Credit Card,3 Clarendon Lane,Church End,United Kingdom
845,Davey Purdom,Wall Art,Home,59,990.78,4280.34,5/12/2021,3/7/2021,Online Payment,1045 Forest Terrace,Cola,China
846,Andeee Hallifax,Coffee Making Kit,Kitchen,17,872.96,7479.35,3/17/2021,6/18/2021,Credit Card,083 Scott Place,Sakata,Japan
847,Modesty Bamb,Cinnamon Sugar Tortilla Chips,Food - Snacks,37,475.56,329.2,3/11/2021,9/24/2021,Credit Card,9365 Northland Road,Taoyuan,China
848,Carroll Crangle,Travel Yoga Mat,Fitness,16,647.37,2766.24,1/28/2021,6/21/2021,Online Payment,6159 Scoville Point,Karanggeneng,Indonesia
849,Richmound Radbourne,Home Cleaning Robot,Home Appliances,17,951.68,3026.69,9/11/2021,10/24/2021,Credit Card,7 Valley Edge Junction,Borås,Sweden
850,Niccolo Petzolt,Honey Sesame Chicken Mix,Food - Frozen Meals,62,949.09,1689.0,11/5/2021,1/21/2021,Online Payment,39012 Waywood Junction,San Vicente,Argentina
851,Rickie Rabbatts,Frozen Berry Blend,Food - Frozen Foods,95,216.81,7972.45,6/24/2021,1/27/2021,Online Payment,3340 Loftsgordon Road,Santo Niño,Philippines
852,Massimo Moscrop,Pork Tenderloin,Food - Meat,7,230.97,8954.62,7/5/2021,4/3/2021,Online Payment,7 Hooker Road,Peza e Madhe,Albania
853,Emlyn Mulvagh,Window A/C Unit,Home Appliances,50,124.82,6822.96,8/22/2021,4/25/2021,Online Payment,0048 Green Ridge Center,Kachkanar,Russia
854,Janka McIlveen,Smart Thermostat with Wi-Fi,Smart Home,85,588.98,6245.45,11/2/2021,10/21/2021,Credit Card,757 Lyons Terrace,Araçoiaba da Serra,Brazil
855,Patsy Rosengren,Oven-Baked Potato Chips,Food - Snacks,37,555.96,5406.91,7/1/2021,7/26/2021,Cash,8 Lunder Plaza,Tebon,Indonesia
856,Calhoun Mance,Almond Flour Pancake Mix,Food - Baking,23,380.91,4362.05,9/5/2021,8/2/2021,Online Payment,63767 Pine View Center,Longsheng,China
857,Christine Rizon,Pomegranate Juice,Food - Beverages,71,202.84,1226.35,4/7/2021,2/20/2021,Online Payment,46756 Wayridge Lane,Noginsk-9,Russia
858,Linea Cornelis,Cooking Utensil Set,Kitchen,67,315.32,9134.78,12/28/2021,4/23/2021,Credit Card,33729 Shopko Pass,Bartsrashen,Armenia
859,Horst Lympany,Arcade Game Machine,Gaming,22,718.61,3787.33,3/23/2021,5/5/2021,Online Payment,1 Bartillon Pass,Lingshan,China
860,Tedd Coltart,Dark Chocolate Covered Raisins,Food - Snacks,7,957.59,2890.85,6/16/2021,2/12/2021,Cash,34345 Alpine Lane,Charlesland,Ireland
861,Chalmers Saywell,Vegetable Stock,Food - Cooking Essentials,59,376.35,4791.07,3/15/2021,9/4/2021,Online Payment,824 Commercial Place,Piripiri,Brazil
862,Theda Leggett,Recipe Book Stand,Kitchen,91,816.89,9882.99,7/22/2021,11/2/2021,Credit Card,10085 Hoard Road,Ban Lŭng,Cambodia
863,Donella Frail,Nature Explorer Lens Kit,Toys,19,134.95,6224.57,7/19/2021,4/20/2021,Online Payment,38423 Stuart Parkway,Florianópolis,Brazil
864,Henri Driffield,Sriracha Honey Glaze,Food - Sauces,38,221.38,7309.87,5/7/2021,10/13/2021,Online Payment,60 Westerfield Avenue,Presidencia Roque Sáenz Peña,Argentina
865,Elayne Lovegrove,Frozen Broccoli,Food - Frozen,88,179.12,7156.36,2/7/2021,8/30/2021,Online Payment,6068 Crescent Oaks Pass,Pagak Kulon,Indonesia
866,Hattie Luetkemeyers,Green Tea Matcha Powder,Food - Beverages,24,410.96,6377.78,4/21/2021,3/5/2021,Online Payment,811 Jackson Pass,Riangbao,Indonesia
867,Darb Atwill,Italian Marinara Sauce,Food - Sauces,53,682.97,97.15,8/21/2021,10/24/2021,Online Payment,27 Clarendon Drive,Byuravan,Armenia
868,Florrie Samsonsen,Multi-Tool,Outdoor,69,671.26,4714.26,6/4/2021,3/4/2021,Cash,336 Mcbride Trail,Rimus,Philippines
869,Naoma Kaiser,Basic V-Neck T-Shirt,Clothing - Tops,30,636.25,8786.97,8/23/2021,1/8/2021,Online Payment,668 Trailsway Drive,Kuragaki-kosugi,Japan
870,Haily Nardi,Almond Flour Cookies,Food - Bakery,67,236.33,2441.86,3/5/2021,10/30/2021,Cash,39186 Arapahoe Street,Nagano-shi,Japan
871,Donielle Cayley,Honey Roasted Almonds,Food - Snacks,16,648.41,800.75,4/18/2021,12/10/2021,Credit Card,959 Green Ridge Place,Soljani,Croatia
872,Faydra Tudgay,Teriyaki Chicken Wings,Food - Frozen Food,52,495.46,6590.77,9/13/2021,11/25/2021,Online Payment,2 Gerald Hill,Bijeli,Indonesia
873,Devina Swanbourne,Ankle Boots,Clothing - Footwear,96,474.84,7185.65,4/29/2021,2/26/2021,Cash,742 Claremont Junction,Ebaye,Marshall Islands
874,Viki Dennison,Brown Sugar,Food - Baking,69,150.26,4110.81,5/10/2021,4/9/2021,Credit Card,70533 John Wall Place,Huocheng,China
875,Annecorinne Hutchinson,Weighted Jump Rope,Fitness,31,995.75,6242.24,3/23/2021,1/14/2021,Cash,696 Kim Place,Åhus,Sweden
876,Bernie Cammocke,Lemon Dill Chicken Skewers,Food - Meat,71,248.23,5585.38,8/8/2021,8/24/2021,Online Payment,87439 Northview Center,Viçosa do Ceará,Brazil
877,Phil MacGeaney,Tofu,Food - Meat Alternatives,36,643.65,7446.58,4/7/2021,3/7/2021,Credit Card,732 Melrose Avenue,Stockholm,Sweden
878,Carver Messer,Fitbit Activity Tracker,Fitness,16,242.7,5436.59,1/23/2021,6/23/2021,Credit Card,7 Morrow Alley,Agudos,Brazil
879,Janek Longmire,Banana Peanut Butter Smoothie,Food - Frozen Foods,77,321.5,5999.97,7/8/2021,10/9/2021,Cash,82062 Ridge Oak Lane,Charlotte,United States
880,Marlena Edinburgh,Mango Chia Pudding,Food - Snacks,38,202.16,4693.91,2/11/2021,7/30/2021,Online Payment,360 Cherokee Street,Pleszew,Poland
881,Torrie Poll,Cheddar Cheese Crackers,Food - Snacks,48,474.49,9360.89,6/13/2021,3/19/2021,Online Payment,3587 Morningstar Plaza,Östhammar,Sweden
882,Brent Terrington,Non-Slip Yoga Socks,Fitness,74,768.54,9434.83,6/20/2021,6/20/2021,Online Payment,7389 Barby Point,Jijiga,Ethiopia
883,Dorita Levington,Salsa Verde,Food - Condiments,52,39.69,2017.17,5/29/2021,5/18/2021,Cash,7 Tony Court,Sutton,Canada
884,Grantley Dybald,Portable UV Sterilizer,Health,53,955.64,8692.95,6/17/2021,6/3/2021,Cash,4676 Johnson Park,Garoua,Cameroon
885,Carny Giannasi,Adjustable Height Standing Desk Converter,Office,49,416.2,3748.64,8/6/2021,3/31/2021,Online Payment,6 Wayridge Junction,Alegrete,Brazil
886,Lynna Joddens,Organic Coconut Water,Food - Beverages,52,859.84,2251.73,3/25/2021,4/2/2021,Credit Card,7985 Gulseth Place,Pyhäranta,Finland
887,Evvy Hug,Weighted Jump Rope,Fitness,75,317.65,4989.54,9/10/2021,12/1/2021,Credit Card,4 Melvin Court,Arrepiado,Portugal
888,George O'Boyle,Vegetable Quinoa Bowl,Food - Frozen Meals,10,326.88,1343.78,3/9/2021,7/25/2021,Cash,43 Glendale Parkway,Katiola,Ivory Coast
889,Fields Callen,Microfiber Cleaning Cloths,Home,4,630.2,55.79,4/9/2021,3/31/2021,Online Payment,88 Cottonwood Terrace,Dongxi,China
890,Veronique MacCleay,Adjustable Dumbbells,Fitness,62,339.07,9677.08,2/9/2021,9/18/2021,Online Payment,8111 Dovetail Court,Irupi,Brazil
891,Dene Whale,Ceramic Planter Set,Home,12,886.75,9541.22,2/10/2021,12/1/2021,Online Payment,40173 Waywood Terrace,Miguel Pereira,Brazil
892,Gabriel Spiniello,Electric Meat Grinder,Kitchen,5,575.49,80.29,7/12/2021,8/24/2021,Credit Card,31 Homewood Lane,Al Qanāwiş,Yemen
893,Remus Domingues,Cinnamon Raisin Bagels,Food - Bakery,20,187.88,8950.84,11/8/2021,6/11/2021,Cash,3449 Bayside Lane,Qo’ng’irot Shahri,Uzbekistan
894,Perrine Ricketts,Smart WiFi Plug,Smart Home,8,372.25,828.04,2/24/2021,9/18/2021,Cash,70 6th Way,Guaíra,Brazil
895,Eberhard McSwan,Dual Function Electric Skillet,Kitchen,72,373.83,1732.98,4/18/2021,10/29/2021,Online Payment,20 Briar Crest Crossing,Nyazura,Zimbabwe
896,Engracia Hirtz,Electric Griddle,Kitchen,10,657.86,6179.2,10/16/2021,4/3/2021,Credit Card,80180 Onsgard Drive,Kampong Speu,Cambodia
897,Yorgo McMonnies,Trackpad for Laptop,Accessories,18,237.21,7966.05,6/17/2021,11/5/2021,Credit Card,96 Rutledge Crossing,Maralal,Kenya
898,Pris Burris,Fleece Lined Leggings,Clothing,45,717.92,6360.07,9/20/2021,1/17/2021,Cash,33945 Longview Circle,Sukamaju,Indonesia
899,Modesta Wynne,Spiralizer,Kitchen,77,679.63,6799.0,1/3/2021,9/13/2021,Online Payment,71515 Morning Terrace,Nyköping,Sweden
900,Barbey Shimon,Almond Joy Munch Bars,Food - Snacks,58,524.84,6544.13,7/19/2021,7/8/2021,Online Payment,5622 Melody Place,Pajé,Comoros
901,Kellina Mayler,Board Game,Toys,32,731.36,7275.85,5/22/2021,8/9/2021,Cash,81 Harper Road,Nouna,Burkina Faso
902,Camile Stoeckle,Yoga Mat,Fitness,22,512.39,5909.15,8/3/2021,7/22/2021,Credit Card,69 Mayfield Lane,Naukšēni,Latvia
903,Neil Daughton,Sliced Strawberries,Food - Fruits,82,536.74,8080.68,1/17/2021,12/4/2021,Credit Card,784 Merrick Circle,Liuzikou,China
904,Winifred Outlaw,Adjustable Yoga Mat Strap,Fitness,67,242.3,6047.33,3/23/2021,4/6/2021,Online Payment,28 Warbler Hill,Znomenka,Ukraine
905,Ferrell McAllan,Insulated Lunch Bag,Kitchen,92,481.94,7410.23,10/15/2021,5/11/2021,Cash,0 Shasta Way,Xiaopingba,China
906,Belle Fussie,Sunglasses,Accessories,92,317.0,5282.99,4/5/2021,1/11/2021,Credit Card,2 Clemons Avenue,Sakule,Serbia
907,Bernardina Oliphant,Mango Chilli Sauce,Food - Condiments,97,664.92,8536.42,10/12/2021,7/5/2021,Online Payment,7 Red Cloud Point,Kagoshima-shi,Japan
908,Melessa Prantl,Lemon Herb Grilled Chicken,Food - Meat,29,938.94,4671.33,6/15/2021,5/15/2021,Online Payment,2617 Grayhawk Drive,Washington,United States
909,Ryon Jermyn,Italian Sausage and Peppers,Food - Meat,93,114.31,7468.24,7/15/2021,8/18/2021,Cash,4903 Summit Junction,Paris 01,France
910,Hubey Compson,Insulated Coffee Mug,Kitchen,94,14.08,3613.39,3/27/2021,11/14/2021,Cash,9848 Express Park,Cipeucang,Indonesia
911,Jamill Rosenstein,Organic Baby Spinach,Food - Produce,47,389.85,6016.96,12/11/2021,12/26/2021,Online Payment,6 Leroy Point,Khong,Thailand
912,Rebecka Hitzschke,Cordless Electric Screwdriver,Tools,34,72.26,2330.87,11/18/2021,7/19/2021,Online Payment,11 Eggendart Place,Makamba,Burundi
913,Baudoin Paulusch,Pesto Genovese,Food - Condiments,48,792.69,8348.36,2/12/2021,6/29/2021,Online Payment,282 Meadow Vale Terrace,Jingzhou,China
914,Olivier Jackalin,Curried Lentil Salad,Food - Salads,94,423.96,7736.98,4/7/2021,3/14/2021,Online Payment,175 Red Cloud Circle,Krajan,Indonesia
915,Imogene Rivitt,Miso Soup Mix,Food - Soups,94,390.48,8866.84,2/17/2021,7/14/2021,Cash,1654 Manufacturers Street,Houston,United States
916,Holly Wilman,Reflective Safety Vest,Safety,50,95.12,7036.59,3/2/2021,11/26/2021,Credit Card,1 Continental Point,Dashi,China
917,Leif Glancy,Trendy Bomber Jacket,Clothing - Outerwear,62,623.42,9679.74,7/26/2021,6/18/2021,Cash,346 Fallview Plaza,Krasica,Croatia
918,Corette Brellin,Chipotle Seasoning Blend,Food - Spices,6,383.03,4390.29,5/23/2021,12/11/2021,Credit Card,9 Clarendon Avenue,Mulan,China
919,Anselma Baldcock,Handmade Leather Wallet,Accessories,19,500.32,8886.91,5/29/2021,12/16/2021,Credit Card,238 Pankratz Way,Ariana,Tunisia
920,Peria Pactat,Chocolate Chip Muffins,Food - Bakery,82,423.62,9901.38,12/4/2021,1/14/2021,Online Payment,06609 Vera Drive,Xujiahe,China
921,Mabelle Starbeck,Homemade Salsa,Food - Condiments,8,531.1,1913.96,2/17/2021,3/14/2021,Cash,6499 Kinsman Plaza,"Las Vegas, Santa Barbara",Honduras
922,Mella Brayne,Honey,Food - Condiments,29,780.79,7840.84,2/6/2021,12/25/2021,Credit Card,284 3rd Court,São Sebastião do Paraíso,Brazil
923,Tomaso Haeslier,Honey Sesame Chicken,Food - Frozen Food,35,400.0,2891.0,4/8/2021,2/25/2021,Cash,2 Farwell Hill,Maputo,Mozambique
924,Missy Arnowicz,Travel Pillow with Memory Foam,Travel,31,633.68,6727.18,1/6/2021,4/7/2021,Cash,10222 Summer Ridge Avenue,Shaguotun,China
925,Leela Longstreet,Pet Grooming Scissors,Pets,15,829.8,8941.6,3/10/2021,2/16/2021,Online Payment,25 Hoffman Road,Jishi,China
926,Katharina Harkus,Mediterranean Chickpea Bowl,Food - Prepared Foods,17,647.53,6715.45,10/28/2021,11/10/2021,Cash,93892 Clove Drive,Stebnyk,Ukraine
927,Kathleen Babe,Chickpea Salad Deluxe,Food - Produce,25,924.1,8914.62,1/31/2021,2/9/2021,Credit Card,32347 Reinke Junction,Novokhovrino,Russia
928,Megen Gimlet,Buffalo Chicken Wraps,Food - Prepared Meals,58,400.7,7677.58,3/12/2021,3/18/2021,Cash,9699 Calypso Terrace,Taliouine,Morocco
929,Carlee Monshall,Vegan Cheese,Food - Dairy Alternatives,48,794.04,7704.65,4/19/2021,3/2/2021,Online Payment,92 Lunder Point,Linchen,China
930,Hester Dominy,Essential Oils Diffuser Necklace,Health,37,831.72,3113.91,8/4/2021,8/17/2021,Cash,6853 Center Place,Hepo,China
931,Siobhan Stimson,Wireless Earbuds,Audio,42,525.47,8905.02,9/10/2021,5/26/2021,Cash,0 Northridge Terrace,Évreux,France
932,Bennie Henryson,LED Flashing Pet Collar,Pets,39,400.8,463.91,5/16/2021,5/12/2021,Credit Card,9 Huxley Junction,Freetown,Sierra Leone
933,Bald Maha,Honey Mustard Chicken Breasts,Food - Meat,17,603.35,9199.17,12/11/2021,4/28/2021,Credit Card,4660 Sauthoff Pass,Västervik,Sweden
934,Arni Bleazard,Maple Almond Butter,Food - Nut Butters,38,202.07,6637.51,10/13/2021,5/18/2021,Credit Card,12509 3rd Trail,Äänekoski,Finland
935,Shirline Antonognoli,Comfortable Jogger Pants,Clothing - Bottoms,32,971.08,8165.68,8/28/2021,12/26/2021,Credit Card,7593 Onsgard Circle,Bucu Lor,Indonesia
936,Whitaker Adanez,Pet Grooming Brush,Pets,1,642.27,3933.53,2/19/2021,3/25/2021,Credit Card,00 Carey Junction,Novyy,Russia
937,Kristyn Hearty,Watercolor Set,Art Supplies,23,931.36,1561.76,1/13/2021,10/26/2021,Cash,92 Hanson Road,Jiyukou,China
938,Betta Eilhertsen,Lightweight Travel Backpack,Travel,85,76.23,4489.21,2/9/2021,1/3/2021,Credit Card,2 Stuart Drive,Manacsac,Philippines
939,Alfy McVrone,Travel Mug with Leak-Proof Lid,Kitchen,58,416.67,7749.33,1/4/2021,12/23/2021,Cash,56815 Schurz Lane,Bouillon,Belgium
940,Giraud Dracksford,Bike Repair Tool Kit,Outdoor,61,546.82,1363.8,4/16/2021,11/18/2021,Credit Card,735 New Castle Junction,Rychwał,Poland
941,Cecilio Sabbatier,Dark Chocolate Covered Raisins,Food - Snacks,67,270.79,7114.23,12/15/2021,11/28/2021,Credit Card,5733 Duke Hill,Mkiriwadjumoi,Comoros
942,Jada Dillimore,Cinnamon Roll Kit,Food - Baking,20,551.44,8455.66,9/13/2021,1/8/2021,Cash,039 Bonner Court,Bobrov,Russia
943,Libby Shaul,Herbed Mushroom Risotto,Food - Prepared Foods,42,185.39,8812.81,6/16/2021,1/19/2021,Credit Card,0 Farwell Court,Qiangtou,China
944,Lezlie Enoch,Creamy Spinach Dip,Food - Prepared Foods,80,179.39,9454.52,5/10/2021,5/13/2021,Credit Card,352 Sachtjen Road,Hüremt,Mongolia
945,Matty Longmaid,Wireless HDMI Receiver,Electronics,39,460.17,8586.79,10/3/2021,11/14/2021,Cash,46 Chive Place,Al Qābil,Oman
946,Isabel Poschel,Pistachio Ice Cream,Food - Frozen Desserts,45,9.0,1801.21,9/23/2021,5/11/2021,Online Payment,4 Corscot Drive,Kuala Bintang,Indonesia
947,Gav Issacoff,Outdoor Fire Pit,Outdoor,19,336.78,5882.82,6/30/2021,7/23/2021,Online Payment,05 Dwight Circle,Bāniyās,Syria
948,Issy Francais,Chipotle Seasoning Blend,Food - Spices,72,261.35,2128.52,10/6/2021,12/19/2021,Online Payment,4 Kennedy Pass,Ōzu,Japan
949,Geralda Burgess,Organic Baby Spinach,Food - Produce,38,125.59,2920.66,3/12/2021,3/22/2021,Cash,728 5th Court,Cansolungon,Philippines
950,Lorrie Treharne,Collapsible Water Bottle,Fitness,33,484.38,5683.4,12/25/2021,5/29/2021,Credit Card,43 Meadow Ridge Parkway,Panevėžys,Lithuania
951,Loella Redhills,Fishing Tackle Box,Outdoor,92,725.7,4813.86,9/13/2021,9/4/2021,Online Payment,2681 Browning Drive,Sośnicowice,Poland
952,Daryl Quinane,Lemon Zest Olive Oil,Food - Oils & Vinegars,79,32.73,2005.93,3/26/2021,6/23/2021,Credit Card,7422 Southridge Court,Hässleholm,Sweden
953,Holli Paddie,Pet Reflective Vest,Pets,99,833.71,8958.78,7/5/2021,6/14/2021,Online Payment,52 Summer Ridge Junction,Novi Vinodolski,Croatia
954,Rori Munns,Water Bottle with Built-in Fruit Infuser,Fitness,52,957.36,5494.34,4/27/2021,8/4/2021,Cash,07388 Algoma Road,Madīnat ‘Īsá,Bahrain
955,Debor MacTrustey,Kitchen Scale,Kitchen,6,523.14,7605.69,8/8/2021,3/1/2021,Credit Card,7 Ohio Way,Taiping,China
956,Arleta De Gogay,Faux Leather Leggings,Clothing - Pants,60,691.5,9502.25,4/22/2021,8/6/2021,Cash,8890 Kinsman Plaza,Cingambul,Indonesia
957,Carolynn McElory,Tomato Basil Pasta Sauce,Food - Sauces,53,255.24,8875.09,8/25/2021,11/26/2021,Credit Card,128 Talisman Crossing,Sovetskiy,Russia
958,Ibrahim Claremont,Reusable Produce Bags Set,Kitchen,53,607.92,4525.22,12/25/2021,11/8/2021,Credit Card,3923 Harper Place,Governor’s Harbour,Bahamas
959,Livvyy Tapsfield,Desk Organizer Set,Office,72,95.59,6213.58,2/2/2021,2/25/2021,Credit Card,395 Fisk Trail,U Minh,Vietnam
960,Daisie Fransoni,Miso Dressing,Food - Dressings,26,508.23,8382.26,5/3/2021,9/20/2021,Credit Card,23 Hauk Court,Wasior,Indonesia
961,Fallon Beacon,Smart Doorbell,Smart Home,83,207.7,5098.1,6/24/2021,6/30/2021,Cash,4 Northfield Parkway,Caohezhang,China
962,Donal Oager,Berry Smoothie Mix,Food - Frozen Foods,83,677.04,9072.5,8/8/2021,6/13/2021,Cash,4 Memorial Plaza,Ginebra,Colombia
963,Tandi Stones,Kids' Dinosaur-Themed Lunchbox,Accessories,28,299.64,7082.84,11/14/2021,12/30/2021,Cash,145 Bayside Plaza,Kombolcha,Ethiopia
964,Adrian Storm,Luxury Yoga Mat,Fitness,61,472.46,1263.2,6/26/2021,10/30/2021,Online Payment,800 Lindbergh Way,Prao,Vietnam
965,Trish MacCaughey,Gardening Kneeler and Seat,Garden,37,382.3,4870.92,8/26/2021,4/8/2021,Cash,293 Leroy Park,Nice,France
966,Leilah Wooffitt,Bicycle Repair Kit,Outdoor,62,480.73,6171.82,6/29/2021,5/15/2021,Cash,860 Monterey Hill,Chikeng,China
967,Arri Chaplyn,Non-Stick Baking Sheet,Kitchen,11,948.61,7931.1,9/24/2021,2/15/2021,Credit Card,6 Dunning Parkway,Qijia,China
968,Novelia Dalloway,Turkey Bacon,Food - Meat,44,334.65,940.0,6/5/2021,10/27/2021,Cash,7 Hallows Lane,Petaling Jaya,Malaysia
969,Joby Matson,Non-Toxic Concrete Sealer,Home Improvement,15,629.41,1054.67,10/9/2021,9/6/2021,Credit Card,59642 Kipling Terrace,Dolní Bojanovice,Czech Republic
970,Pryce Eskriet,Bamboo Utensil Holder,Kitchen,4,880.38,4029.75,11/14/2021,1/7/2021,Credit Card,8805 Del Sol Point,Carenang Lor,Indonesia
971,Orion Hazelgreave,Bike Repair Tool Kit,Outdoor,26,299.25,2835.68,5/20/2021,4/24/2021,Credit Card,956 Blue Bill Park Street,Motala,Sweden
972,Dicky Kilday,DIY Candle Making Kit,Crafts,25,226.7,8627.77,6/8/2021,5/6/2021,Cash,676 Michigan Trail,Belišće,Croatia
973,Katie Kempson,Chocolate Mint Protein Shake,Food - Beverages,47,416.23,2909.7,5/24/2021,10/29/2021,Credit Card,0367 Prairieview Road,Chartres,France
974,Abigail Tunuy,LED Canopy Lights,Outdoor,51,660.25,9792.52,7/7/2021,3/30/2021,Credit Card,73587 Vermont Avenue,Canavieiras,Brazil
975,Torrin Shildrick,Pork Chops,Food - Meat,59,217.89,9252.81,1/17/2021,2/28/2021,Online Payment,935 Lighthouse Bay Hill,Gubo,China
976,Davis Gregory,Camping Tent,Outdoor,20,440.71,5844.87,3/12/2021,11/28/2021,Credit Card,0 Esker Pass,Lyon,France
977,Lisabeth Imison,Vegetable Korma,Food - Frozen,36,978.46,8562.14,6/19/2021,8/20/2021,Cash,1301 Carey Road,Idtig,Philippines
978,Theadora Oxbrow,Creamy Garlic Mashed Potatoes,Food - Sides,54,687.36,7155.47,4/25/2021,7/7/2021,Online Payment,75222 Elgar Plaza,Yuto,Argentina
979,Axe Ianittello,Handmade Leather Wallet,Accessories,33,785.32,3192.71,8/25/2021,2/7/2021,Online Payment,49 Norway Maple Crossing,Pajapita,Guatemala
980,Agnes Cordon,Travel Beach Blanket,Outdoor,61,495.1,8412.35,12/13/2021,3/6/2021,Credit Card,85 Golf View Street,Pasarkayu,Indonesia
981,Shirl Murt,Rustic Wooden Picture Frame,Home,1,315.73,1308.38,12/8/2021,10/28/2021,Online Payment,172 Main Trail,Baliuag,Philippines
982,Elmo Huffa,Biodegradable Phone Case,Accessories,9,961.29,9547.14,6/26/2021,6/18/2021,Cash,0 Talisman Point,Nidri,Greece
983,Forester Ingarfield,Peanut Butter Pretzel Nuggets,Food - Snacks,20,417.35,8825.79,1/29/2021,11/9/2021,Credit Card,2228 Upham Court,Geshan,China
984,Kingsly Mundell,Classic Pumps,Clothing - Footwear,77,134.5,6589.41,6/24/2021,6/25/2021,Cash,624 Springview Junction,Yokkaichi,Japan
985,Cindra Crumb,Oven Mitts,Kitchen,68,738.59,1457.53,4/30/2021,11/24/2021,Cash,4175 Ryan Alley,Hanover,Canada
986,Marina Regitz,Mini Hand Gesture Drone,Toys,92,918.01,3206.0,3/9/2021,9/18/2021,Cash,13661 Pawling Avenue,Itapecuru Mirim,Brazil
987,Zelda Yard,Greek Yogurt Parfait,Food - Dairy,38,323.26,14.03,3/28/2021,8/4/2021,Cash,20247 Farragut Street,Ullubiyaul,Russia
988,Joshuah Spencley,Organic Coconut Flour,Food - Baking,46,285.1,4244.18,2/28/2021,1/31/2021,Credit Card,96 North Road,Police nad Metují,Czech Republic
989,Glen Combes,Smart Home Hub,Smart Home,92,568.3,1557.43,9/22/2021,3/1/2021,Credit Card,1936 Fair Oaks Terrace,Darkovice,Czech Republic
990,Melva Trayte,Pet Camera with Treat Dispenser,Pets,24,20.75,4751.02,1/18/2021,6/3/2021,Cash,35 Larry Point,Estrada,Portugal
991,Phyllis Durak,Avocado Oil,Food - Oils,63,336.66,5615.63,5/12/2021,9/28/2021,Online Payment,831 Bayside Park,San Juan Bautista,Paraguay
992,Deonne Dudgeon,Dog Frisbee Toy,Pets,84,895.36,5043.63,4/17/2021,7/10/2021,Cash,4 Weeping Birch Drive,Miaoxi,China
993,Brigit Trustie,Brownie Bites,Food - Baked Goods,29,50.58,2175.23,9/24/2021,3/7/2021,Online Payment,42731 Hovde Terrace,Wahang Dua,Indonesia
994,Dion Errett,Maple Pecan Granola,Food - Breakfast,85,616.87,5578.41,12/22/2021,12/11/2021,Online Payment,569 Park Meadow Alley,Derviçian,Albania
995,Rodd Reinhart,Electric Opener for Jars and Bottles,Kitchen,11,416.7,3377.04,6/7/2021,9/21/2021,Cash,634 Hooker Drive,Perniö,Finland
996,Fayina Assender,Portable Water Filter,Outdoor,72,642.29,3319.51,5/30/2021,11/4/2021,Credit Card,37 Truax Terrace,Gexi,China
997,Kyla De Andisie,Smart Plug,Smart Home,61,356.02,2033.34,10/15/2021,10/25/2021,Cash,4840 Hoffman Plaza,Mtsamdou,Comoros
998,Powell Force,Pet Hair Removal Brush,Pets,1,437.96,298.93,4/20/2021,5/7/2021,Credit Card,102 Service Circle,Webuye,Kenya
999,Bud Colenutt,Organic Tomato Ketchup,Food - Condiments,42,127.03,1799.96,10/6/2021,7/13/2021,Online Payment,11329 Little Fleur Way,Mazowe,Zimbabwe
1000,Georgena Lavis,Deluxe First Aid Kit,Health,83,125.59,4143.14,1/13/2021,6/17/2021,Credit Card,434 Mayfield Parkway,Dobje pri Planini,Slovenia
